Date,Category,Amount,Type
2020-01-01 00:00:00.000000,Entertainment,476.34,Expense
2020-01-02 05:14:07.765176,Investment,307.36,Expense
2020-01-03 10:28:15.530353,Travel,480.79,Expense
2020-01-04 15:42:23.295530,Food & Drink,435.76,Expense
2020-01-05 20:56:31.060707,Utilities,359.87,Expense
2020-01-07 02:10:38.825883,Food & Drink,485.56,Expense
2020-01-08 07:24:46.591060,Other,121.92,Expense
2020-01-09 12:38:54.356237,Travel,530.13,Expense
2020-01-10 17:53:02.121414,Rent,1167.33,Expense
2020-01-11 23:07:09.886591,Entertainment,159.79,Expense
2020-01-13 04:21:17.651767,Utilities,86.96,Expense
2020-01-14 09:35:25.416944,Rent,1056.45,Expense
2020-01-15 14:49:33.182121,Shopping,396.88,Expense
2020-01-16 20:03:40.947298,Travel,1125.62,Expense
2020-01-18 01:17:48.712474,Utilities,42.3,Expense
2020-01-19 06:31:56.477651,Utilities,101.85,Expense
2020-01-20 11:46:04.242828,Food & Drink,475.47,Expense
2020-01-21 17:00:12.008005,Salary,5616.79,Income
2020-01-22 22:14:19.773182,Rent,868.37,Expense
2020-01-24 03:28:27.538358,Health & Fitness,231.27,Expense
2020-01-25 08:42:35.303535,Food & Drink,257.68,Expense
2020-01-26 13:56:43.068712,Food & Drink,456.47,Expense
2020-01-27 19:10:50.833889,Rent,1263.77,Expense
2020-01-29 00:24:58.599066,Rent,1164.05,Expense
2020-01-30 05:39:06.364242,Shopping,108.73,Expense
2020-01-31 10:53:14.129419,Salary,5550.27,Income
2020-02-01 16:07:21.894596,Salary,5789.65,Income
2020-02-02 21:21:29.659773,Utilities,462.5,Expense
2020-02-04 02:35:37.424949,Food & Drink,114.07,Expense
2020-02-05 07:49:45.190126,Food & Drink,176.16,Expense
2020-02-06 13:03:52.955303,Entertainment,150.25,Expense
2020-02-07 18:18:00.720480,Other,191.24,Expense
2020-02-08 23:32:08.485657,Rent,1179.89,Expense
2020-02-10 04:46:16.250833,Food & Drink,405.05,Expense
2020-02-11 10:00:24.016010,Food & Drink,493.71,Expense
2020-02-12 15:14:31.781187,Investment,115.38,Expense
2020-02-13 20:28:39.546364,Food & Drink,411.42,Expense
2020-02-15 01:42:47.311541,Health & Fitness,369.92,Expense
2020-02-16 06:56:55.076717,Investment,55.54,Expense
2020-02-17 12:11:02.841894,Rent,881.11,Expense
2020-02-18 17:25:10.607071,Salary,5246.6,Income
2020-02-19 22:39:18.372248,Rent,844.49,Expense
2020-02-21 03:53:26.137424,Rent,1027.63,Expense
2020-02-22 09:07:33.902601,Investment,326.03,Expense
2020-02-23 14:21:41.667778,Salary,4944.43,Income
2020-02-24 19:35:49.432955,Food & Drink,362.36,Expense
2020-02-26 00:49:57.198132,Investment,289.41,Expense
2020-02-27 06:04:04.963308,Investment,257.02,Expense
2020-02-28 11:18:12.728485,Shopping,225.22,Expense
2020-02-29 16:32:20.493662,Food & Drink,71.79,Expense
2020-03-01 21:46:28.258839,Food & Drink,325.48,Expense
2020-03-03 03:00:36.024016,Rent,1156.0,Expense
2020-03-04 08:14:43.789192,Salary,4498.58,Income
2020-03-05 13:28:51.554369,Entertainment,382.66,Expense
2020-03-06 18:42:59.319546,Travel,338.56,Expense
2020-03-07 23:57:07.084723,Rent,912.85,Expense
2020-03-09 05:11:14.849899,Salary,5616.24,Income
2020-03-10 10:25:22.615076,Utilities,438.3,Expense
2020-03-11 15:39:30.380253,Other,109.55,Expense
2020-03-12 20:53:38.145430,Salary,5078.68,Income
2020-03-14 02:07:45.910607,Other,450.12,Expense
2020-03-15 07:21:53.675783,Rent,877.04,Expense
2020-03-16 12:36:01.440960,Travel,968.79,Expense
2020-03-17 17:50:09.206137,Other,433.15,Expense
2020-03-18 23:04:16.971314,Food & Drink,265.16,Expense
2020-03-20 04:18:24.736490,Entertainment,126.61,Expense
2020-03-21 09:32:32.501667,Food & Drink,182.06,Expense
2020-03-22 14:46:40.266844,Salary,4646.41,Income
2020-03-23 20:00:48.032021,Shopping,357.45,Expense
2020-03-25 01:14:55.797198,Rent,1480.25,Expense
2020-03-26 06:29:03.562374,Salary,4503.56,Income
2020-03-27 11:43:11.327551,Shopping,164.42,Expense
2020-03-28 16:57:19.092728,Rent,825.82,Expense
2020-03-29 22:11:26.857905,Utilities,261.29,Expense
2020-03-31 03:25:34.623082,Food & Drink,153.75,Expense
2020-04-01 08:39:42.388258,Salary,4479.12,Income
2020-04-02 13:53:50.153435,Food & Drink,254.94,Expense
2020-04-03 19:07:57.918612,Salary,4484.11,Income
2020-04-05 00:22:05.683789,Health & Fitness,385.58,Expense
2020-04-06 05:36:13.448965,Travel,1510.79,Expense
2020-04-07 10:50:21.214142,Rent,1242.61,Expense
2020-04-08 16:04:28.979319,Utilities,277.17,Expense
2020-04-09 21:18:36.744496,Food & Drink,420.95,Expense
2020-04-11 02:32:44.509673,Rent,930.56,Expense
2020-04-12 07:46:52.274849,Food & Drink,303.63,Expense
2020-04-13 13:01:00.040026,Health & Fitness,27.96,Expense
2020-04-14 18:15:07.805203,Shopping,128.72,Expense
2020-04-15 23:29:15.570380,Utilities,103.7,Expense
2020-04-17 04:43:23.335557,Health & Fitness,205.63,Expense
2020-04-18 09:57:31.100733,Salary,4275.04,Income
2020-04-19 15:11:38.865910,Rent,879.43,Expense
2020-04-20 20:25:46.631087,Salary,5754.68,Income
2020-04-22 01:39:54.396264,Rent,1261.99,Expense
2020-04-23 06:54:02.161440,Other,286.5,Expense
2020-04-24 12:08:09.926617,Shopping,136.09,Expense
2020-04-25 17:22:17.691794,Food & Drink,450.66,Expense
2020-04-26 22:36:25.456971,Salary,5266.2,Income
2020-04-28 03:50:33.222148,Rent,1044.45,Expense
2020-04-29 09:04:40.987324,Investment,450.61,Expense
2020-04-30 14:18:48.752501,Salary,5559.75,Income
2020-05-01 19:32:56.517678,Utilities,60.39,Expense
2020-05-03 00:47:04.282855,Travel,1817.4,Expense
2020-05-04 06:01:12.048032,Utilities,24.41,Expense
2020-05-05 11:15:19.813208,Food & Drink,338.48,Expense
2020-05-06 16:29:27.578385,Food & Drink,97.19,Expense
2020-05-07 21:43:35.343562,Shopping,352.11,Expense
2020-05-09 02:57:43.108739,Health & Fitness,127.65,Expense
2020-05-10 08:11:50.873915,Health & Fitness,133.88,Expense
2020-05-11 13:25:58.639092,Rent,1322.54,Expense
2020-05-12 18:40:06.404269,Utilities,427.63,Expense
2020-05-13 23:54:14.169446,Health & Fitness,292.79,Expense
2020-05-15 05:08:21.934623,Food & Drink,196.5,Expense
2020-05-16 10:22:29.699799,Rent,970.79,Expense
2020-05-17 15:36:37.464976,Salary,4786.2,Income
2020-05-18 20:50:45.230153,Salary,5262.28,Income
2020-05-20 02:04:52.995330,Other,261.27,Expense
2020-05-21 07:19:00.760507,Utilities,256.41,Expense
2020-05-22 12:33:08.525683,Travel,1500.41,Expense
2020-05-23 17:47:16.290860,Rent,817.02,Expense
2020-05-24 23:01:24.056037,Utilities,105.01,Expense
2020-05-26 04:15:31.821214,Salary,5907.86,Income
2020-05-27 09:29:39.586390,Salary,4740.32,Income
2020-05-28 14:43:47.351567,Food & Drink,465.59,Expense
2020-05-29 19:57:55.116744,Entertainment,483.99,Expense
2020-05-31 01:12:02.881921,Salary,5706.02,Income
2020-06-01 06:26:10.647098,Rent,1069.57,Expense
2020-06-02 11:40:18.412274,Salary,4633.84,Income
2020-06-03 16:54:26.177451,Travel,1202.24,Expense
2020-06-04 22:08:33.942628,Salary,5392.06,Income
2020-06-06 03:22:41.707805,Utilities,66.64,Expense
2020-06-07 08:36:49.472981,Utilities,495.23,Expense
2020-06-08 13:50:57.238158,Food & Drink,268.8,Expense
2020-06-09 19:05:05.003335,Salary,5481.54,Income
2020-06-11 00:19:12.768512,Health & Fitness,357.19,Expense
2020-06-12 05:33:20.533689,Rent,1005.51,Expense
2020-06-13 10:47:28.298865,Other,408.85,Expense
2020-06-14 16:01:36.064042,Salary,5826.48,Income
2020-06-15 21:15:43.829219,Shopping,260.73,Expense
2020-06-17 02:29:51.594396,Other,331.98,Expense
2020-06-18 07:43:59.359573,Health & Fitness,401.98,Expense
2020-06-19 12:58:07.124749,Salary,4675.99,Income
2020-06-20 18:12:14.889926,Entertainment,65.11,Expense
2020-06-21 23:26:22.655103,Utilities,37.25,Expense
2020-06-23 04:40:30.420280,Shopping,280.47,Expense
2020-06-24 09:54:38.185456,Rent,1213.58,Expense
2020-06-25 15:08:45.950633,Food & Drink,37.93,Expense
2020-06-26 20:22:53.715810,Other,192.89,Expense
2020-06-28 01:37:01.480987,Food & Drink,270.68,Expense
2020-06-29 06:51:09.246164,Investment,123.59,Expense
2020-06-30 12:05:17.011340,Utilities,60.97,Expense
2020-07-01 17:19:24.776517,Food & Drink,275.05,Expense
2020-07-02 22:33:32.541694,Shopping,325.97,Expense
2020-07-04 03:47:40.306871,Investment,488.41,Expense
2020-07-05 09:01:48.072048,Shopping,175.02,Expense
2020-07-06 14:15:55.837224,Other,150.0,Expense
2020-07-07 19:30:03.602401,Entertainment,57.66,Expense
2020-07-09 00:44:11.367578,Food & Drink,482.07,Expense
2020-07-10 05:58:19.132755,Other,354.07,Expense
2020-07-11 11:12:26.897931,Entertainment,103.18,Expense
2020-07-12 16:26:34.663108,Travel,650.44,Expense
2020-07-13 21:40:42.428285,Shopping,363.01,Expense
2020-07-15 02:54:50.193462,Health & Fitness,154.37,Expense
2020-07-16 08:08:57.958639,Salary,5475.79,Income
2020-07-17 13:23:05.723815,Shopping,313.63,Expense
2020-07-18 18:37:13.488992,Entertainment,138.91,Expense
2020-07-19 23:51:21.254169,Rent,1330.49,Expense
2020-07-21 05:05:29.019346,Food & Drink,75.71,Expense
2020-07-22 10:19:36.784523,Food & Drink,39.55,Expense
2020-07-23 15:33:44.549699,Salary,5407.32,Income
2020-07-24 20:47:52.314876,Shopping,66.96,Expense
2020-07-26 02:02:00.080053,Shopping,247.27,Expense
2020-07-27 07:16:07.845230,Travel,980.93,Expense
2020-07-28 12:30:15.610406,Entertainment,315.61,Expense
2020-07-29 17:44:23.375583,Utilities,41.75,Expense
2020-07-30 22:58:31.140760,Entertainment,320.41,Expense
2020-08-01 04:12:38.905937,Shopping,431.12,Expense
2020-08-02 09:26:46.671114,Health & Fitness,98.21,Expense
2020-08-03 14:40:54.436290,Food & Drink,328.36,Expense
2020-08-04 19:55:02.201467,Food & Drink,301.17,Expense
2020-08-06 01:09:09.966644,Salary,5150.95,Income
2020-08-07 06:23:17.731821,Entertainment,328.78,Expense
2020-08-08 11:37:25.496998,Shopping,281.9,Expense
2020-08-09 16:51:33.262174,Salary,4772.21,Income
2020-08-10 22:05:41.027351,Salary,5810.7,Income
2020-08-12 03:19:48.792528,Travel,324.85,Expense
2020-08-13 08:33:56.557705,Food & Drink,28.75,Expense
2020-08-14 13:48:04.322881,Food & Drink,347.84,Expense
2020-08-15 19:02:12.088058,Food & Drink,173.11,Expense
2020-08-17 00:16:19.853235,Other,31.17,Expense
2020-08-18 05:30:27.618412,Other,155.29,Expense
2020-08-19 10:44:35.383589,Food & Drink,354.43,Expense
2020-08-20 15:58:43.148765,Utilities,441.19,Expense
2020-08-21 21:12:50.913942,Investment,405.67,Expense
2020-08-23 02:26:58.679119,Rent,924.21,Expense
2020-08-24 07:41:06.444296,Investment,407.28,Expense
2020-08-25 12:55:14.209472,Salary,4825.24,Income
2020-08-26 18:09:21.974649,Entertainment,392.68,Expense
2020-08-27 23:23:29.739826,Rent,1451.53,Expense
2020-08-29 04:37:37.505003,Salary,4857.99,Income
2020-08-30 09:51:45.270180,Investment,382.18,Expense
2020-08-31 15:05:53.035356,Food & Drink,453.23,Expense
2020-09-01 20:20:00.800533,Shopping,416.7,Expense
2020-09-03 01:34:08.565710,Rent,1426.87,Expense
2020-09-04 06:48:16.330887,Entertainment,25.2,Expense
2020-09-05 12:02:24.096064,Salary,4182.57,Income
2020-09-06 17:16:31.861240,Rent,1465.04,Expense
2020-09-07 22:30:39.626417,Salary,5146.88,Income
2020-09-09 03:44:47.391594,Utilities,235.25,Expense
2020-09-10 08:58:55.156771,Rent,1030.07,Expense
2020-09-11 14:13:02.921947,Health & Fitness,381.14,Expense
2020-09-12 19:27:10.687124,Other,399.02,Expense
2020-09-14 00:41:18.452301,Food & Drink,257.32,Expense
2020-09-15 05:55:26.217478,Food & Drink,283.77,Expense
2020-09-16 11:09:33.982655,Entertainment,446.1,Expense
2020-09-17 16:23:41.747831,Rent,881.95,Expense
2020-09-18 21:37:49.513008,Food & Drink,385.53,Expense
2020-09-20 02:51:57.278185,Utilities,68.54,Expense
2020-09-21 08:06:05.043362,Food & Drink,356.47,Expense
2020-09-22 13:20:12.808539,Food & Drink,414.49,Expense
2020-09-23 18:34:20.573715,Health & Fitness,59.05,Expense
2020-09-24 23:48:28.338892,Food & Drink,493.59,Expense
2020-09-26 05:02:36.104069,Entertainment,197.91,Expense
2020-09-27 10:16:43.869246,Other,474.68,Expense
2020-09-28 15:30:51.634422,Salary,5506.76,Income
2020-09-29 20:44:59.399599,Entertainment,60.08,Expense
2020-10-01 01:59:07.164776,Investment,288.03,Expense
2020-10-02 07:13:14.929953,Entertainment,455.05,Expense
2020-10-03 12:27:22.695130,Food & Drink,256.46,Expense
2020-10-04 17:41:30.460306,Food & Drink,244.96,Expense
2020-10-05 22:55:38.225483,Food & Drink,77.03,Expense
2020-10-07 04:09:45.990660,Food & Drink,331.62,Expense
2020-10-08 09:23:53.755837,Investment,300.02,Expense
2020-10-09 14:38:01.521014,Salary,4749.74,Income
2020-10-10 19:52:09.286190,Rent,1408.02,Expense
2020-10-12 01:06:17.051367,Travel,1933.8,Expense
2020-10-13 06:20:24.816544,Food & Drink,485.54,Expense
2020-10-14 11:34:32.581721,Food & Drink,447.75,Expense
2020-10-15 16:48:40.346897,Shopping,496.62,Expense
2020-10-16 22:02:48.112074,Food & Drink,285.85,Expense
2020-10-18 03:16:55.877251,Salary,5046.2,Income
2020-10-19 08:31:03.642428,Utilities,353.96,Expense
2020-10-20 13:45:11.407605,Shopping,321.23,Expense
2020-10-21 18:59:19.172781,Utilities,452.56,Expense
2020-10-23 00:13:26.937958,Food & Drink,154.86,Expense
2020-10-24 05:27:34.703135,Salary,5780.53,Income
2020-10-25 10:41:42.468312,Shopping,317.66,Expense
2020-10-26 15:55:50.233488,Rent,931.68,Expense
2020-10-27 21:09:57.998665,Shopping,189.61,Expense
2020-10-29 02:24:05.763842,Utilities,57.31,Expense
2020-10-30 07:38:13.529019,Salary,5972.42,Income
2020-10-31 12:52:21.294196,Health & Fitness,277.33,Expense
2020-11-01 18:06:29.059372,Rent,1369.66,Expense
2020-11-02 23:20:36.824549,Health & Fitness,98.06,Expense
2020-11-04 04:34:44.589726,Salary,5645.07,Income
2020-11-05 09:48:52.354903,Salary,5451.44,Income
2020-11-06 15:03:00.120080,Utilities,220.76,Expense
2020-11-07 20:17:07.885256,Salary,5732.13,Income
2020-11-09 01:31:15.650433,Food & Drink,32.66,Expense
2020-11-10 06:45:23.415610,Entertainment,409.07,Expense
2020-11-11 11:59:31.180787,Salary,4300.83,Income
2020-11-12 17:13:38.945963,Utilities,202.83,Expense
2020-11-13 22:27:46.711140,Salary,5684.24,Income
2020-11-15 03:41:54.476317,Other,244.97,Expense
2020-11-16 08:56:02.241494,Entertainment,151.24,Expense
2020-11-17 14:10:10.006671,Food & Drink,435.07,Expense
2020-11-18 19:24:17.771847,Other,499.86,Expense
2020-11-20 00:38:25.537024,Salary,5110.86,Income
2020-11-21 05:52:33.302201,Investment,473.49,Expense
2020-11-22 11:06:41.067378,Other,138.73,Expense
2020-11-23 16:20:48.832555,Shopping,82.0,Expense
2020-11-24 21:34:56.597731,Salary,5212.35,Income
2020-11-26 02:49:04.362908,Travel,1409.06,Expense
2020-11-27 08:03:12.128085,Utilities,191.92,Expense
2020-11-28 13:17:19.893262,Food & Drink,342.36,Expense
2020-11-29 18:31:27.658438,Shopping,390.71,Expense
2020-11-30 23:45:35.423615,Shopping,429.05,Expense
2020-12-02 04:59:43.188792,Shopping,289.25,Expense
2020-12-03 10:13:50.953969,Salary,4806.97,Income
2020-12-04 15:27:58.719146,Food & Drink,33.82,Expense
2020-12-05 20:42:06.484322,Investment,317.75,Expense
2020-12-07 01:56:14.249499,Health & Fitness,122.22,Expense
2020-12-08 07:10:22.014676,Food & Drink,26.98,Expense
2020-12-09 12:24:29.779853,Rent,1212.94,Expense
2020-12-10 17:38:37.545030,Entertainment,229.99,Expense
2020-12-11 22:52:45.310206,Salary,4696.51,Income
2020-12-13 04:06:53.075383,Shopping,396.15,Expense
2020-12-14 09:21:00.840560,Entertainment,318.6,Expense
2020-12-15 14:35:08.605737,Salary,5899.04,Income
2020-12-16 19:49:16.370913,Food & Drink,464.76,Expense
2020-12-18 01:03:24.136090,Shopping,143.96,Expense
2020-12-19 06:17:31.901267,Shopping,490.42,Expense
2020-12-20 11:31:39.666444,Shopping,177.8,Expense
2020-12-21 16:45:47.431621,Utilities,135.27,Expense
2020-12-22 21:59:55.196797,Food & Drink,81.86,Expense
2020-12-24 03:14:02.961974,Food & Drink,92.91,Expense
2020-12-25 08:28:10.727151,Food & Drink,327.62,Expense
2020-12-26 13:42:18.492328,Travel,822.2,Expense
2020-12-27 18:56:26.257505,Salary,4947.92,Income
2020-12-29 00:10:34.022681,Health & Fitness,102.71,Expense
2020-12-30 05:24:41.787858,Travel,273.56,Expense
2020-12-31 10:38:49.553035,Travel,701.46,Expense
2021-01-01 15:52:57.318212,Travel,359.66,Expense
2021-01-02 21:07:05.083388,Food & Drink,241.17,Expense
2021-01-04 02:21:12.848565,Travel,855.69,Expense
2021-01-05 07:35:20.613742,Shopping,351.39,Expense
2021-01-06 12:49:28.378919,Food & Drink,403.72,Expense
2021-01-07 18:03:36.144096,Utilities,59.24,Expense
2021-01-08 23:17:43.909272,Salary,5841.74,Income
2021-01-10 04:31:51.674449,Food & Drink,152.9,Expense
2021-01-11 09:45:59.439626,Other,379.16,Expense
2021-01-12 15:00:07.204803,Travel,576.83,Expense
2021-01-13 20:14:14.969979,Entertainment,252.57,Expense
2021-01-15 01:28:22.735156,Utilities,197.08,Expense
2021-01-16 06:42:30.500333,Shopping,378.79,Expense
2021-01-17 11:56:38.265510,Food & Drink,141.17,Expense
2021-01-18 17:10:46.030687,Health & Fitness,449.7,Expense
2021-01-19 22:24:53.795863,Shopping,275.41,Expense
2021-01-21 03:39:01.561040,Food & Drink,234.76,Expense
2021-01-22 08:53:09.326217,Shopping,136.39,Expense
2021-01-23 14:07:17.091394,Rent,1064.1,Expense
2021-01-24 19:21:24.856571,Food & Drink,174.6,Expense
2021-01-26 00:35:32.621747,Travel,789.5,Expense
2021-01-27 05:49:40.386924,Food & Drink,447.45,Expense
2021-01-28 11:03:48.152101,Utilities,345.97,Expense
2021-01-29 16:17:55.917278,Other,259.25,Expense
2021-01-30 21:32:03.682454,Food & Drink,277.81,Expense
2021-02-01 02:46:11.447631,Utilities,377.81,Expense
2021-02-02 08:00:19.212808,Entertainment,81.24,Expense
2021-02-03 13:14:26.977985,Rent,1054.16,Expense
2021-02-04 18:28:34.743162,Utilities,293.97,Expense
2021-02-05 23:42:42.508338,Rent,1490.56,Expense
2021-02-07 04:56:50.273515,Utilities,133.87,Expense
2021-02-08 10:10:58.038692,Food & Drink,93.37,Expense
2021-02-09 15:25:05.803869,Travel,489.23,Expense
2021-02-10 20:39:13.569046,Travel,713.17,Expense
2021-02-12 01:53:21.334222,Travel,1814.18,Expense
2021-02-13 07:07:29.099399,Food & Drink,271.77,Expense
2021-02-14 12:21:36.864576,Entertainment,491.54,Expense
2021-02-15 17:35:44.629753,Food & Drink,210.97,Expense
2021-02-16 22:49:52.394929,Salary,5731.01,Income
2021-02-18 04:04:00.160106,Other,143.79,Expense
2021-02-19 09:18:07.925283,Travel,1403.56,Expense
2021-02-20 14:32:15.690460,Salary,5113.53,Income
2021-02-21 19:46:23.455637,Utilities,154.39,Expense
2021-02-23 01:00:31.220813,Investment,109.78,Expense
2021-02-24 06:14:38.985990,Rent,1097.81,Expense
2021-02-25 11:28:46.751167,Shopping,136.36,Expense
2021-02-26 16:42:54.516344,Food & Drink,313.1,Expense
2021-02-27 21:57:02.281521,Rent,1206.87,Expense
2021-03-01 03:11:10.046697,Travel,1066.05,Expense
2021-03-02 08:25:17.811874,Shopping,44.88,Expense
2021-03-03 13:39:25.577051,Rent,894.09,Expense
2021-03-04 18:53:33.342228,Food & Drink,495.18,Expense
2021-03-06 00:07:41.107404,Rent,1366.91,Expense
2021-03-07 05:21:48.872581,Rent,1277.05,Expense
2021-03-08 10:35:56.637758,Investment,305.91,Expense
2021-03-09 15:50:04.402935,Shopping,217.68,Expense
2021-03-10 21:04:12.168112,Rent,1450.67,Expense
2021-03-12 02:18:19.933288,Other,483.21,Expense
2021-03-13 07:32:27.698465,Food & Drink,370.82,Expense
2021-03-14 12:46:35.463642,Salary,4362.47,Income
2021-03-15 18:00:43.228819,Food & Drink,375.74,Expense
2021-03-16 23:14:50.993996,Utilities,424.08,Expense
2021-03-18 04:28:58.759172,Food & Drink,401.73,Expense
2021-03-19 09:43:06.524349,Travel,494.58,Expense
2021-03-20 14:57:14.289526,Travel,1666.23,Expense
2021-03-21 20:11:22.054703,Health & Fitness,271.07,Expense
2021-03-23 01:25:29.819879,Rent,1414.04,Expense
2021-03-24 06:39:37.585056,Entertainment,411.97,Expense
2021-03-25 11:53:45.350233,Entertainment,200.93,Expense
2021-03-26 17:07:53.115410,Shopping,164.66,Expense
2021-03-27 22:22:00.880587,Investment,261.31,Expense
2021-03-29 03:36:08.645763,Travel,1819.23,Expense
2021-03-30 08:50:16.410940,Entertainment,280.91,Expense
2021-03-31 14:04:24.176117,Salary,5248.48,Income
2021-04-01 19:18:31.941294,Food & Drink,471.12,Expense
2021-04-03 00:32:39.706470,Utilities,180.75,Expense
2021-04-04 05:46:47.471647,Food & Drink,401.13,Expense
2021-04-05 11:00:55.236824,Utilities,276.06,Expense
2021-04-06 16:15:03.002001,Salary,5577.19,Income
2021-04-07 21:29:10.767178,Travel,761.1,Expense
2021-04-09 02:43:18.532354,Travel,1539.1,Expense
2021-04-10 07:57:26.297531,Food & Drink,293.55,Expense
2021-04-11 13:11:34.062708,Investment,440.85,Expense
2021-04-12 18:25:41.827885,Rent,1374.88,Expense
2021-04-13 23:39:49.593062,Food & Drink,426.3,Expense
2021-04-15 04:53:57.358238,Food & Drink,210.7,Expense
2021-04-16 10:08:05.123415,Other,91.96,Expense
2021-04-17 15:22:12.888592,Travel,1500.05,Expense
2021-04-18 20:36:20.653769,Investment,327.75,Expense
2021-04-20 01:50:28.418945,Health & Fitness,280.51,Expense
2021-04-21 07:04:36.184122,Rent,1041.99,Expense
2021-04-22 12:18:43.949299,Travel,1835.21,Expense
2021-04-23 17:32:51.714476,Utilities,212.41,Expense
2021-04-24 22:46:59.479653,Shopping,474.7,Expense
2021-04-26 04:01:07.244829,Travel,1255.21,Expense
2021-04-27 09:15:15.010006,Shopping,313.5,Expense
2021-04-28 14:29:22.775183,Food & Drink,438.62,Expense
2021-04-29 19:43:30.540360,Salary,5130.27,Income
2021-05-01 00:57:38.305537,Health & Fitness,462.8,Expense
2021-05-02 06:11:46.070713,Health & Fitness,93.22,Expense
2021-05-03 11:25:53.835890,Utilities,311.22,Expense
2021-05-04 16:40:01.601067,Entertainment,373.49,Expense
2021-05-05 21:54:09.366244,Salary,5851.14,Income
2021-05-07 03:08:17.131420,Shopping,74.35,Expense
2021-05-08 08:22:24.896597,Salary,5677.8,Income
2021-05-09 13:36:32.661774,Food & Drink,462.0,Expense
2021-05-10 18:50:40.426951,Salary,5037.68,Income
2021-05-12 00:04:48.192128,Utilities,211.52,Expense
2021-05-13 05:18:55.957304,Food & Drink,180.89,Expense
2021-05-14 10:33:03.722481,Other,22.22,Expense
2021-05-15 15:47:11.487658,Rent,1078.72,Expense
2021-05-16 21:01:19.252835,Shopping,461.53,Expense
2021-05-18 02:15:27.018012,Rent,1042.87,Expense
2021-05-19 07:29:34.783188,Investment,237.06,Expense
2021-05-20 12:43:42.548365,Travel,1014.39,Expense
2021-05-21 17:57:50.313542,Food & Drink,104.67,Expense
2021-05-22 23:11:58.078719,Shopping,221.08,Expense
2021-05-24 04:26:05.843895,Salary,4724.79,Income
2021-05-25 09:40:13.609072,Utilities,323.49,Expense
2021-05-26 14:54:21.374249,Food & Drink,338.5,Expense
2021-05-27 20:08:29.139426,Travel,1929.93,Expense
2021-05-29 01:22:36.904603,Food & Drink,219.02,Expense
2021-05-30 06:36:44.669779,Food & Drink,498.5,Expense
2021-05-31 11:50:52.434956,Shopping,305.78,Expense
2021-06-01 17:05:00.200133,Food & Drink,379.98,Expense
2021-06-02 22:19:07.965310,Travel,1816.5,Expense
2021-06-04 03:33:15.730486,Travel,543.24,Expense
2021-06-05 08:47:23.495663,Food & Drink,246.59,Expense
2021-06-06 14:01:31.260840,Shopping,51.54,Expense
2021-06-07 19:15:39.026017,Investment,237.58,Expense
2021-06-09 00:29:46.791194,Shopping,231.57,Expense
2021-06-10 05:43:54.556370,Entertainment,288.63,Expense
2021-06-11 10:58:02.321547,Travel,527.47,Expense
2021-06-12 16:12:10.086724,Salary,5892.23,Income
2021-06-13 21:26:17.851901,Entertainment,149.96,Expense
2021-06-15 02:40:25.617078,Utilities,216.19,Expense
2021-06-16 07:54:33.382254,Food & Drink,94.95,Expense
2021-06-17 13:08:41.147431,Health & Fitness,336.28,Expense
2021-06-18 18:22:48.912608,Food & Drink,126.55,Expense
2021-06-19 23:36:56.677785,Travel,1409.41,Expense
2021-06-21 04:51:04.442961,Food & Drink,69.97,Expense
2021-06-22 10:05:12.208138,Other,105.7,Expense
2021-06-23 15:19:19.973315,Health & Fitness,134.33,Expense
2021-06-24 20:33:27.738492,Food & Drink,136.72,Expense
2021-06-26 01:47:35.503669,Investment,430.73,Expense
2021-06-27 07:01:43.268845,Other,210.65,Expense
2021-06-28 12:15:51.034022,Health & Fitness,118.39,Expense
2021-06-29 17:29:58.799199,Rent,1427.44,Expense
2021-06-30 22:44:06.564376,Food & Drink,61.04,Expense
2021-07-02 03:58:14.329553,Travel,247.76,Expense
2021-07-03 09:12:22.094729,Travel,1249.47,Expense
2021-07-04 14:26:29.859906,Entertainment,448.48,Expense
2021-07-05 19:40:37.625083,Other,184.07,Expense
2021-07-07 00:54:45.390260,Rent,1065.78,Expense
2021-07-08 06:08:53.155436,Utilities,148.67,Expense
2021-07-09 11:23:00.920613,Utilities,216.52,Expense
2021-07-10 16:37:08.685790,Shopping,229.34,Expense
2021-07-11 21:51:16.450967,Rent,1463.92,Expense
2021-07-13 03:05:24.216144,Investment,87.25,Expense
2021-07-14 08:19:31.981320,Salary,4974.86,Income
2021-07-15 13:33:39.746497,Salary,5599.71,Income
2021-07-16 18:47:47.511674,Entertainment,30.79,Expense
2021-07-18 00:01:55.276851,Rent,1179.14,Expense
2021-07-19 05:16:03.042028,Utilities,143.79,Expense
2021-07-20 10:30:10.807204,Food & Drink,420.77,Expense
2021-07-21 15:44:18.572381,Salary,5051.38,Income
2021-07-22 20:58:26.337558,Travel,690.15,Expense
2021-07-24 02:12:34.102735,Food & Drink,458.86,Expense
2021-07-25 07:26:41.867911,Food & Drink,296.73,Expense
2021-07-26 12:40:49.633088,Rent,1187.92,Expense
2021-07-27 17:54:57.398265,Health & Fitness,418.28,Expense
2021-07-28 23:09:05.163442,Travel,219.79,Expense
2021-07-30 04:23:12.928619,Food & Drink,452.01,Expense
2021-07-31 09:37:20.693795,Salary,5194.83,Income
2021-08-01 14:51:28.458972,Utilities,339.22,Expense
2021-08-02 20:05:36.224149,Travel,1845.94,Expense
2021-08-04 01:19:43.989326,Entertainment,203.91,Expense
2021-08-05 06:33:51.754503,Shopping,42.54,Expense
2021-08-06 11:47:59.519679,Travel,1528.46,Expense
2021-08-07 17:02:07.284856,Food & Drink,309.51,Expense
2021-08-08 22:16:15.050033,Travel,900.73,Expense
2021-08-10 03:30:22.815210,Rent,1048.97,Expense
2021-08-11 08:44:30.580386,Health & Fitness,162.62,Expense
2021-08-12 13:58:38.345563,Shopping,248.5,Expense
2021-08-13 19:12:46.110740,Health & Fitness,469.68,Expense
2021-08-15 00:26:53.875917,Investment,123.17,Expense
2021-08-16 05:41:01.641094,Food & Drink,145.89,Expense
2021-08-17 10:55:09.406270,Utilities,44.68,Expense
2021-08-18 16:09:17.171447,Shopping,306.48,Expense
2021-08-19 21:23:24.936624,Rent,1339.64,Expense
2021-08-21 02:37:32.701801,Food & Drink,56.07,Expense
2021-08-22 07:51:40.466977,Investment,257.84,Expense
2021-08-23 13:05:48.232154,Health & Fitness,228.72,Expense
2021-08-24 18:19:55.997331,Travel,1674.38,Expense
2021-08-25 23:34:03.762508,Other,353.45,Expense
2021-08-27 04:48:11.527685,Rent,1213.16,Expense
2021-08-28 10:02:19.292861,Rent,864.11,Expense
2021-08-29 15:16:27.058038,Salary,4273.64,Income
2021-08-30 20:30:34.823215,Salary,4892.01,Income
2021-09-01 01:44:42.588392,Travel,1175.42,Expense
2021-09-02 06:58:50.353569,Salary,5464.45,Income
2021-09-03 12:12:58.118745,Other,336.22,Expense
2021-09-04 17:27:05.883922,Health & Fitness,427.61,Expense
2021-09-05 22:41:13.649099,Travel,1080.96,Expense
2021-09-07 03:55:21.414276,Travel,1977.8,Expense
2021-09-08 09:09:29.179452,Salary,4078.85,Income
2021-09-09 14:23:36.944629,Health & Fitness,464.12,Expense
2021-09-10 19:37:44.709806,Travel,1222.3,Expense
2021-09-12 00:51:52.474983,Salary,4067.89,Income
2021-09-13 06:06:00.240160,Health & Fitness,162.73,Expense
2021-09-14 11:20:08.005336,Salary,5942.12,Income
2021-09-15 16:34:15.770513,Salary,4948.43,Income
2021-09-16 21:48:23.535690,Salary,5689.1,Income
2021-09-18 03:02:31.300867,Rent,1380.24,Expense
2021-09-19 08:16:39.066044,Food & Drink,306.21,Expense
2021-09-20 13:30:46.831220,Travel,417.02,Expense
2021-09-21 18:44:54.596397,Food & Drink,354.22,Expense
2021-09-22 23:59:02.361574,Rent,1307.34,Expense
2021-09-24 05:13:10.126751,Food & Drink,171.34,Expense
2021-09-25 10:27:17.891927,Shopping,399.55,Expense
2021-09-26 15:41:25.657104,Rent,1238.12,Expense
2021-09-27 20:55:33.422281,Salary,5231.73,Income
2021-09-29 02:09:41.187458,Travel,243.92,Expense
2021-09-30 07:23:48.952635,Salary,4042.54,Income
2021-10-01 12:37:56.717811,Salary,5057.87,Income
2021-10-02 17:52:04.482988,Salary,5597.57,Income
2021-10-03 23:06:12.248165,Salary,4701.42,Income
2021-10-05 04:20:20.013342,Investment,212.93,Expense
2021-10-06 09:34:27.778519,Shopping,321.2,Expense
2021-10-07 14:48:35.543695,Salary,5968.17,Income
2021-10-08 20:02:43.308872,Investment,220.53,Expense
2021-10-10 01:16:51.074049,Entertainment,374.04,Expense
2021-10-11 06:30:58.839226,Travel,398.85,Expense
2021-10-12 11:45:06.604402,Rent,1001.07,Expense
2021-10-13 16:59:14.369579,Rent,963.53,Expense
2021-10-14 22:13:22.134756,Food & Drink,28.58,Expense
2021-10-16 03:27:29.899933,Salary,4855.55,Income
2021-10-17 08:41:37.665110,Entertainment,346.23,Expense
2021-10-18 13:55:45.430286,Travel,1909.93,Expense
2021-10-19 19:09:53.195463,Other,62.92,Expense
2021-10-21 00:24:00.960640,Entertainment,441.98,Expense
2021-10-22 05:38:08.725817,Salary,4934.8,Income
2021-10-23 10:52:16.490994,Utilities,100.18,Expense
2021-10-24 16:06:24.256170,Salary,4463.34,Income
2021-10-25 21:20:32.021347,Salary,5299.29,Income
2021-10-27 02:34:39.786524,Utilities,266.09,Expense
2021-10-28 07:48:47.551701,Travel,517.75,Expense
2021-10-29 13:02:55.316877,Travel,535.59,Expense
2021-10-30 18:17:03.082054,Investment,188.06,Expense
2021-10-31 23:31:10.847231,Food & Drink,485.17,Expense
2021-11-02 04:45:18.612408,Salary,5855.5,Income
2021-11-03 09:59:26.377585,Salary,4347.79,Income
2021-11-04 15:13:34.142761,Entertainment,383.95,Expense
2021-11-05 20:27:41.907938,Health & Fitness,93.87,Expense
2021-11-07 01:41:49.673115,Other,127.73,Expense
2021-11-08 06:55:57.438292,Travel,1166.55,Expense
2021-11-09 12:10:05.203468,Utilities,298.44,Expense
2021-11-10 17:24:12.968645,Food & Drink,441.18,Expense
2021-11-11 22:38:20.733822,Rent,890.66,Expense
2021-11-13 03:52:28.498999,Salary,5911.3,Income
2021-11-14 09:06:36.264176,Salary,5619.03,Income
2021-11-15 14:20:44.029352,Health & Fitness,284.41,Expense
2021-11-16 19:34:51.794529,Food & Drink,216.06,Expense
2021-11-18 00:48:59.559706,Entertainment,144.68,Expense
2021-11-19 06:03:07.324883,Investment,258.02,Expense
2021-11-20 11:17:15.090060,Food & Drink,125.69,Expense
2021-11-21 16:31:22.855236,Health & Fitness,56.54,Expense
2021-11-22 21:45:30.620413,Salary,4990.29,Income
2021-11-24 02:59:38.385590,Shopping,304.36,Expense
2021-11-25 08:13:46.150767,Other,186.95,Expense
2021-11-26 13:27:53.915943,Health & Fitness,291.55,Expense
2021-11-27 18:42:01.681120,Rent,1415.04,Expense
2021-11-28 23:56:09.446297,Other,336.06,Expense
2021-11-30 05:10:17.211474,Salary,5734.59,Income
2021-12-01 10:24:24.976651,Health & Fitness,421.77,Expense
2021-12-02 15:38:32.741827,Health & Fitness,346.47,Expense
2021-12-03 20:52:40.507004,Utilities,381.3,Expense
2021-12-05 02:06:48.272181,Travel,1785.57,Expense
2021-12-06 07:20:56.037358,Salary,4058.49,Income
2021-12-07 12:35:03.802535,Other,81.86,Expense
2021-12-08 17:49:11.567711,Rent,1320.46,Expense
2021-12-09 23:03:19.332888,Travel,1672.34,Expense
2021-12-11 04:17:27.098065,Other,263.58,Expense
2021-12-12 09:31:34.863242,Food & Drink,157.78,Expense
2021-12-13 14:45:42.628418,Utilities,490.97,Expense
2021-12-14 19:59:50.393595,Utilities,144.71,Expense
2021-12-16 01:13:58.158772,Utilities,279.19,Expense
2021-12-17 06:28:05.923949,Investment,71.35,Expense
2021-12-18 11:42:13.689126,Investment,279.81,Expense
2021-12-19 16:56:21.454302,Salary,4683.74,Income
2021-12-20 22:10:29.219479,Utilities,467.37,Expense
2021-12-22 03:24:36.984656,Food & Drink,469.87,Expense
2021-12-23 08:38:44.749833,Health & Fitness,52.56,Expense
2021-12-24 13:52:52.515010,Rent,1295.72,Expense
2021-12-25 19:07:00.280186,Food & Drink,299.44,Expense
2021-12-27 00:21:08.045363,Rent,1234.64,Expense
2021-12-28 05:35:15.810540,Food & Drink,438.34,Expense
2021-12-29 10:49:23.575717,Salary,5937.76,Income
2021-12-30 16:03:31.340893,Investment,82.44,Expense
2021-12-31 21:17:39.106070,Investment,31.8,Expense
2022-01-02 02:31:46.871247,Food & Drink,175.33,Expense
2022-01-03 07:45:54.636424,Shopping,389.8,Expense
2022-01-04 13:00:02.401601,Health & Fitness,234.03,Expense
2022-01-05 18:14:10.166777,Rent,1497.99,Expense
2022-01-06 23:28:17.931954,Entertainment,236.67,Expense
2022-01-08 04:42:25.697131,Travel,1630.66,Expense
2022-01-09 09:56:33.462308,Health & Fitness,125.97,Expense
2022-01-10 15:10:41.227484,Food & Drink,346.64,Expense
2022-01-11 20:24:48.992661,Health & Fitness,151.16,Expense
2022-01-13 01:38:56.757838,Salary,4302.12,Income
2022-01-14 06:53:04.523015,Entertainment,472.94,Expense
2022-01-15 12:07:12.288192,Entertainment,326.49,Expense
2022-01-16 17:21:20.053368,Entertainment,151.62,Expense
2022-01-17 22:35:27.818545,Salary,4818.67,Income
2022-01-19 03:49:35.583722,Salary,4459.91,Income
2022-01-20 09:03:43.348899,Travel,256.04,Expense
2022-01-21 14:17:51.114076,Health & Fitness,196.89,Expense
2022-01-22 19:31:58.879252,Salary,4946.42,Income
2022-01-24 00:46:06.644429,Salary,4371.05,Income
2022-01-25 06:00:14.409606,Salary,5553.19,Income
2022-01-26 11:14:22.174783,Investment,425.5,Expense
2022-01-27 16:28:29.939959,Investment,320.59,Expense
2022-01-28 21:42:37.705136,Food & Drink,35.61,Expense
2022-01-30 02:56:45.470313,Salary,5233.3,Income
2022-01-31 08:10:53.235490,Other,251.13,Expense
2022-02-01 13:25:01.000667,Food & Drink,80.09,Expense
2022-02-02 18:39:08.765843,Health & Fitness,226.55,Expense
2022-02-03 23:53:16.531020,Travel,1084.87,Expense
2022-02-05 05:07:24.296197,Food & Drink,299.35,Expense
2022-02-06 10:21:32.061374,Rent,1358.29,Expense
2022-02-07 15:35:39.826551,Rent,1118.65,Expense
2022-02-08 20:49:47.591727,Food & Drink,54.77,Expense
2022-02-10 02:03:55.356904,Entertainment,250.37,Expense
2022-02-11 07:18:03.122081,Utilities,160.0,Expense
2022-02-12 12:32:10.887258,Health & Fitness,432.86,Expense
2022-02-13 17:46:18.652434,Investment,39.02,Expense
2022-02-14 23:00:26.417611,Shopping,70.37,Expense
2022-02-16 04:14:34.182788,Travel,1975.99,Expense
2022-02-17 09:28:41.947965,Food & Drink,259.47,Expense
2022-02-18 14:42:49.713142,Utilities,357.18,Expense
2022-02-19 19:56:57.478318,Shopping,24.69,Expense
2022-02-21 01:11:05.243495,Rent,1162.4,Expense
2022-02-22 06:25:13.008672,Food & Drink,188.3,Expense
2022-02-23 11:39:20.773849,Food & Drink,57.72,Expense
2022-02-24 16:53:28.539026,Entertainment,83.7,Expense
2022-02-25 22:07:36.304202,Shopping,350.94,Expense
2022-02-27 03:21:44.069379,Other,116.07,Expense
2022-02-28 08:35:51.834556,Travel,388.22,Expense
2022-03-01 13:49:59.599733,Utilities,359.11,Expense
2022-03-02 19:04:07.364909,Food & Drink,469.38,Expense
2022-03-04 00:18:15.130086,Food & Drink,279.82,Expense
2022-03-05 05:32:22.895263,Health & Fitness,438.07,Expense
2022-03-06 10:46:30.660440,Health & Fitness,404.83,Expense
2022-03-07 16:00:38.425617,Rent,1370.38,Expense
2022-03-08 21:14:46.190793,Food & Drink,449.51,Expense
2022-03-10 02:28:53.955970,Shopping,412.3,Expense
2022-03-11 07:43:01.721147,Shopping,328.92,Expense
2022-03-12 12:57:09.486324,Shopping,371.16,Expense
2022-03-13 18:11:17.251501,Food & Drink,48.97,Expense
2022-03-14 23:25:25.016677,Travel,487.18,Expense
2022-03-16 04:39:32.781854,Salary,4438.43,Income
2022-03-17 09:53:40.547031,Salary,4673.79,Income
2022-03-18 15:07:48.312208,Travel,1621.46,Expense
2022-03-19 20:21:56.077384,Health & Fitness,259.13,Expense
2022-03-21 01:36:03.842561,Shopping,365.22,Expense
2022-03-22 06:50:11.607738,Travel,1993.4,Expense
2022-03-23 12:04:19.372915,Salary,5300.65,Income
2022-03-24 17:18:27.138092,Travel,1424.41,Expense
2022-03-25 22:32:34.903268,Food & Drink,34.71,Expense
2022-03-27 03:46:42.668445,Rent,1123.84,Expense
2022-03-28 09:00:50.433622,Salary,5454.34,Income
2022-03-29 14:14:58.198799,Investment,224.24,Expense
2022-03-30 19:29:05.963975,Rent,1059.73,Expense
2022-04-01 00:43:13.729152,Salary,4080.22,Income
2022-04-02 05:57:21.494329,Salary,5157.35,Income
2022-04-03 11:11:29.259506,Entertainment,368.12,Expense
2022-04-04 16:25:37.024683,Shopping,439.24,Expense
2022-04-05 21:39:44.789859,Salary,4843.44,Income
2022-04-07 02:53:52.555036,Rent,1214.65,Expense
2022-04-08 08:08:00.320213,Salary,4421.32,Income
2022-04-09 13:22:08.085390,Utilities,323.15,Expense
2022-04-10 18:36:15.850567,Investment,83.15,Expense
2022-04-11 23:50:23.615743,Health & Fitness,456.34,Expense
2022-04-13 05:04:31.380920,Travel,627.58,Expense
2022-04-14 10:18:39.146097,Salary,4361.95,Income
2022-04-15 15:32:46.911274,Salary,4984.56,Income
2022-04-16 20:46:54.676450,Travel,1767.35,Expense
2022-04-18 02:01:02.441627,Entertainment,267.11,Expense
2022-04-19 07:15:10.206804,Rent,1215.07,Expense
2022-04-20 12:29:17.971981,Travel,903.95,Expense
2022-04-21 17:43:25.737158,Salary,4516.27,Income
2022-04-22 22:57:33.502334,Health & Fitness,176.09,Expense
2022-04-24 04:11:41.267511,Investment,82.82,Expense
2022-04-25 09:25:49.032688,Salary,4907.58,Income
2022-04-26 14:39:56.797865,Travel,332.29,Expense
2022-04-27 19:54:04.563042,Travel,1135.59,Expense
2022-04-29 01:08:12.328218,Rent,1380.22,Expense
2022-04-30 06:22:20.093395,Entertainment,139.38,Expense
2022-05-01 11:36:27.858572,Utilities,359.25,Expense
2022-05-02 16:50:35.623749,Travel,501.71,Expense
2022-05-03 22:04:43.388925,Food & Drink,373.47,Expense
2022-05-05 03:18:51.154102,Health & Fitness,247.82,Expense
2022-05-06 08:32:58.919279,Other,406.72,Expense
2022-05-07 13:47:06.684456,Utilities,436.77,Expense
2022-05-08 19:01:14.449633,Travel,401.46,Expense
2022-05-10 00:15:22.214809,Rent,839.96,Expense
2022-05-11 05:29:29.979986,Shopping,469.57,Expense
2022-05-12 10:43:37.745163,Food & Drink,78.61,Expense
2022-05-13 15:57:45.510340,Shopping,468.26,Expense
2022-05-14 21:11:53.275517,Rent,1155.06,Expense
2022-05-16 02:26:01.040693,Food & Drink,91.2,Expense
2022-05-17 07:40:08.805870,Salary,5930.24,Income
2022-05-18 12:54:16.571047,Food & Drink,476.87,Expense
2022-05-19 18:08:24.336224,Utilities,436.6,Expense
2022-05-20 23:22:32.101400,Shopping,267.49,Expense
2022-05-22 04:36:39.866577,Shopping,340.09,Expense
2022-05-23 09:50:47.631754,Food & Drink,34.39,Expense
2022-05-24 15:04:55.396931,Rent,1293.28,Expense
2022-05-25 20:19:03.162108,Travel,1412.18,Expense
2022-05-27 01:33:10.927284,Salary,4187.8,Income
2022-05-28 06:47:18.692461,Health & Fitness,233.0,Expense
2022-05-29 12:01:26.457638,Salary,4354.3,Income
2022-05-30 17:15:34.222815,Health & Fitness,422.3,Expense
2022-05-31 22:29:41.987992,Salary,5366.5,Income
2022-06-02 03:43:49.753168,Shopping,316.57,Expense
2022-06-03 08:57:57.518345,Salary,5141.22,Income
2022-06-04 14:12:05.283522,Food & Drink,466.86,Expense
2022-06-05 19:26:13.048699,Health & Fitness,344.73,Expense
2022-06-07 00:40:20.813875,Travel,1385.99,Expense
2022-06-08 05:54:28.579052,Entertainment,332.59,Expense
2022-06-09 11:08:36.344229,Food & Drink,335.77,Expense
2022-06-10 16:22:44.109406,Salary,4096.42,Income
2022-06-11 21:36:51.874583,Salary,4813.82,Income
2022-06-13 02:50:59.639759,Salary,5564.77,Income
2022-06-14 08:05:07.404936,Shopping,374.46,Expense
2022-06-15 13:19:15.170113,Salary,4808.28,Income
2022-06-16 18:33:22.935290,Rent,1267.32,Expense
2022-06-17 23:47:30.700466,Other,385.9,Expense
2022-06-19 05:01:38.465643,Other,229.08,Expense
2022-06-20 10:15:46.230820,Other,77.7,Expense
2022-06-21 15:29:53.995997,Shopping,22.76,Expense
2022-06-22 20:44:01.761174,Rent,1056.52,Expense
2022-06-24 01:58:09.526350,Entertainment,353.82,Expense
2022-06-25 07:12:17.291527,Entertainment,235.37,Expense
2022-06-26 12:26:25.056704,Travel,871.85,Expense
2022-06-27 17:40:32.821881,Travel,331.75,Expense
2022-06-28 22:54:40.587058,Utilities,340.74,Expense
2022-06-30 04:08:48.352234,Utilities,242.48,Expense
2022-07-01 09:22:56.117411,Entertainment,434.4,Expense
2022-07-02 14:37:03.882588,Shopping,250.01,Expense
2022-07-03 19:51:11.647765,Food & Drink,183.8,Expense
2022-07-05 01:05:19.412941,Entertainment,211.43,Expense
2022-07-06 06:19:27.178118,Utilities,276.13,Expense
2022-07-07 11:33:34.943295,Utilities,387.14,Expense
2022-07-08 16:47:42.708472,Other,364.7,Expense
2022-07-09 22:01:50.473649,Salary,4036.47,Income
2022-07-11 03:15:58.238825,Travel,213.61,Expense
2022-07-12 08:30:06.004002,Utilities,451.05,Expense
2022-07-13 13:44:13.769179,Travel,1868.66,Expense
2022-07-14 18:58:21.534356,Food & Drink,468.53,Expense
2022-07-16 00:12:29.299533,Rent,870.99,Expense
2022-07-17 05:26:37.064709,Shopping,143.25,Expense
2022-07-18 10:40:44.829886,Rent,1015.1,Expense
2022-07-19 15:54:52.595063,Other,278.8,Expense
2022-07-20 21:09:00.360240,Rent,1227.23,Expense
2022-07-22 02:23:08.125416,Health & Fitness,150.86,Expense
2022-07-23 07:37:15.890593,Entertainment,78.51,Expense
2022-07-24 12:51:23.655770,Travel,1426.01,Expense
2022-07-25 18:05:31.420947,Travel,1145.29,Expense
2022-07-26 23:19:39.186124,Health & Fitness,71.3,Expense
2022-07-28 04:33:46.951300,Shopping,143.15,Expense
2022-07-29 09:47:54.716477,Salary,4967.09,Income
2022-07-30 15:02:02.481654,Other,284.11,Expense
2022-07-31 20:16:10.246831,Food & Drink,323.91,Expense
2022-08-02 01:30:18.012008,Salary,5203.22,Income
2022-08-03 06:44:25.777184,Other,444.42,Expense
2022-08-04 11:58:33.542361,Travel,581.68,Expense
2022-08-05 17:12:41.307538,Utilities,217.29,Expense
2022-08-06 22:26:49.072715,Other,452.01,Expense
2022-08-08 03:40:56.837891,Rent,965.81,Expense
2022-08-09 08:55:04.603068,Other,151.91,Expense
2022-08-10 14:09:12.368245,Other,223.39,Expense
2022-08-11 19:23:20.133422,Health & Fitness,65.86,Expense
2022-08-13 00:37:27.898599,Utilities,236.85,Expense
2022-08-14 05:51:35.663775,Utilities,100.65,Expense
2022-08-15 11:05:43.428952,Investment,434.14,Expense
2022-08-16 16:19:51.194129,Travel,372.29,Expense
2022-08-17 21:33:58.959306,Food & Drink,328.15,Expense
2022-08-19 02:48:06.724483,Utilities,282.41,Expense
2022-08-20 08:02:14.489659,Travel,903.63,Expense
2022-08-21 13:16:22.254836,Utilities,258.45,Expense
2022-08-22 18:30:30.020013,Salary,4272.88,Income
2022-08-23 23:44:37.785190,Health & Fitness,214.07,Expense
2022-08-25 04:58:45.550366,Entertainment,364.45,Expense
2022-08-26 10:12:53.315543,Health & Fitness,495.8,Expense
2022-08-27 15:27:01.080720,Food & Drink,69.97,Expense
2022-08-28 20:41:08.845897,Investment,297.63,Expense
2022-08-30 01:55:16.611074,Rent,855.59,Expense
2022-08-31 07:09:24.376250,Food & Drink,449.21,Expense
2022-09-01 12:23:32.141427,Travel,782.07,Expense
2022-09-02 17:37:39.906604,Travel,838.99,Expense
2022-09-03 22:51:47.671781,Food & Drink,269.15,Expense
2022-09-05 04:05:55.436957,Food & Drink,404.17,Expense
2022-09-06 09:20:03.202134,Travel,1172.02,Expense
2022-09-07 14:34:10.967311,Salary,5301.75,Income
2022-09-08 19:48:18.732488,Shopping,175.68,Expense
2022-09-10 01:02:26.497665,Rent,1268.64,Expense
2022-09-11 06:16:34.262841,Salary,5323.68,Income
2022-09-12 11:30:42.028018,Shopping,370.71,Expense
2022-09-13 16:44:49.793195,Shopping,48.87,Expense
2022-09-14 21:58:57.558372,Shopping,479.66,Expense
2022-09-16 03:13:05.323549,Travel,1442.01,Expense
2022-09-17 08:27:13.088725,Travel,1164.49,Expense
2022-09-18 13:41:20.853902,Food & Drink,236.18,Expense
2022-09-19 18:55:28.619079,Investment,186.83,Expense
2022-09-21 00:09:36.384256,Health & Fitness,401.82,Expense
2022-09-22 05:23:44.149432,Salary,4469.28,Income
2022-09-23 10:37:51.914609,Entertainment,93.16,Expense
2022-09-24 15:51:59.679786,Salary,5854.0,Income
2022-09-25 21:06:07.444963,Shopping,424.18,Expense
2022-09-27 02:20:15.210140,Shopping,319.32,Expense
2022-09-28 07:34:22.975316,Food & Drink,382.53,Expense
2022-09-29 12:48:30.740493,Food & Drink,416.51,Expense
2022-09-30 18:02:38.505670,Other,360.2,Expense
2022-10-01 23:16:46.270847,Food & Drink,165.5,Expense
2022-10-03 04:30:54.036024,Rent,1052.1,Expense
2022-10-04 09:45:01.801200,Food & Drink,469.74,Expense
2022-10-05 14:59:09.566377,Shopping,166.65,Expense
2022-10-06 20:13:17.331554,Entertainment,234.66,Expense
2022-10-08 01:27:25.096731,Utilities,267.53,Expense
2022-10-09 06:41:32.861907,Salary,4993.93,Income
2022-10-10 11:55:40.627084,Salary,5702.85,Income
2022-10-11 17:09:48.392261,Travel,1875.07,Expense
2022-10-12 22:23:56.157438,Food & Drink,412.38,Expense
2022-10-14 03:38:03.922615,Entertainment,441.43,Expense
2022-10-15 08:52:11.687791,Salary,5611.85,Income
2022-10-16 14:06:19.452968,Other,166.25,Expense
2022-10-17 19:20:27.218145,Food & Drink,213.43,Expense
2022-10-19 00:34:34.983322,Travel,1450.91,Expense
2022-10-20 05:48:42.748499,Rent,1482.93,Expense
2022-10-21 11:02:50.513675,Utilities,414.79,Expense
2022-10-22 16:16:58.278852,Food & Drink,433.77,Expense
2022-10-23 21:31:06.044029,Salary,4974.12,Income
2022-10-25 02:45:13.809206,Utilities,387.11,Expense
2022-10-26 07:59:21.574382,Travel,1104.62,Expense
2022-10-27 13:13:29.339559,Entertainment,90.26,Expense
2022-10-28 18:27:37.104736,Rent,847.72,Expense
2022-10-29 23:41:44.869913,Food & Drink,84.88,Expense
2022-10-31 04:55:52.635090,Salary,5099.06,Income
2022-11-01 10:10:00.400266,Salary,4865.0,Income
2022-11-02 15:24:08.165443,Rent,1154.3,Expense
2022-11-03 20:38:15.930620,Entertainment,70.72,Expense
2022-11-05 01:52:23.695797,Utilities,123.7,Expense
2022-11-06 07:06:31.460973,Utilities,332.1,Expense
2022-11-07 12:20:39.226150,Travel,310.43,Expense
2022-11-08 17:34:46.991327,Other,240.7,Expense
2022-11-09 22:48:54.756504,Food & Drink,497.54,Expense
2022-11-11 04:03:02.521681,Food & Drink,353.62,Expense
2022-11-12 09:17:10.286857,Salary,4478.36,Income
2022-11-13 14:31:18.052034,Food & Drink,78.26,Expense
2022-11-14 19:45:25.817211,Rent,870.73,Expense
2022-11-16 00:59:33.582388,Health & Fitness,49.9,Expense
2022-11-17 06:13:41.347565,Shopping,498.41,Expense
2022-11-18 11:27:49.112741,Other,315.31,Expense
2022-11-19 16:41:56.877918,Rent,1236.73,Expense
2022-11-20 21:56:04.643095,Shopping,224.52,Expense
2022-11-22 03:10:12.408272,Food & Drink,445.57,Expense
2022-11-23 08:24:20.173448,Entertainment,113.42,Expense
2022-11-24 13:38:27.938625,Rent,1089.89,Expense
2022-11-25 18:52:35.703802,Other,372.13,Expense
2022-11-27 00:06:43.468979,Investment,25.3,Expense
2022-11-28 05:20:51.234156,Entertainment,251.05,Expense
2022-11-29 10:34:58.999332,Food & Drink,144.71,Expense
2022-11-30 15:49:06.764509,Investment,85.81,Expense
2022-12-01 21:03:14.529686,Shopping,123.3,Expense
2022-12-03 02:17:22.294863,Food & Drink,135.78,Expense
2022-12-04 07:31:30.060040,Salary,5603.07,Income
2022-12-05 12:45:37.825216,Salary,4975.71,Income
2022-12-06 17:59:45.590393,Food & Drink,283.02,Expense
2022-12-07 23:13:53.355570,Shopping,425.29,Expense
2022-12-09 04:28:01.120747,Food & Drink,254.36,Expense
2022-12-10 09:42:08.885923,Travel,784.42,Expense
2022-12-11 14:56:16.651100,Investment,248.49,Expense
2022-12-12 20:10:24.416277,Entertainment,209.35,Expense
2022-12-14 01:24:32.181454,Shopping,396.81,Expense
2022-12-15 06:38:39.946631,Salary,5910.67,Income
2022-12-16 11:52:47.711807,Other,171.4,Expense
2022-12-17 17:06:55.476984,Health & Fitness,230.05,Expense
2022-12-18 22:21:03.242161,Rent,1388.61,Expense
2022-12-20 03:35:11.007338,Food & Drink,452.85,Expense
2022-12-21 08:49:18.772515,Shopping,325.86,Expense
2022-12-22 14:03:26.537691,Health & Fitness,449.66,Expense
2022-12-23 19:17:34.302868,Utilities,314.69,Expense
2022-12-25 00:31:42.068045,Food & Drink,268.84,Expense
2022-12-26 05:45:49.833222,Travel,1527.38,Expense
2022-12-27 10:59:57.598398,Shopping,346.51,Expense
2022-12-28 16:14:05.363575,Food & Drink,60.7,Expense
2022-12-29 21:28:13.128752,Health & Fitness,54.6,Expense
2022-12-31 02:42:20.893929,Food & Drink,25.81,Expense
2023-01-01 07:56:28.659106,Salary,5475.02,Income
2023-01-02 13:10:36.424282,Rent,1007.57,Expense
2023-01-03 18:24:44.189459,Rent,1342.26,Expense
2023-01-04 23:38:51.954636,Health & Fitness,108.89,Expense
2023-01-06 04:52:59.719813,Travel,377.11,Expense
2023-01-07 10:07:07.484990,Health & Fitness,386.9,Expense
2023-01-08 15:21:15.250166,Rent,814.66,Expense
2023-01-09 20:35:23.015343,Food & Drink,484.57,Expense
2023-01-11 01:49:30.780520,Rent,1338.46,Expense
2023-01-12 07:03:38.545697,Utilities,203.33,Expense
2023-01-13 12:17:46.310873,Travel,418.5,Expense
2023-01-14 17:31:54.076050,Utilities,391.82,Expense
2023-01-15 22:46:01.841227,Utilities,274.55,Expense
2023-01-17 04:00:09.606404,Food & Drink,484.87,Expense
2023-01-18 09:14:17.371581,Other,160.55,Expense
2023-01-19 14:28:25.136757,Salary,5203.76,Income
2023-01-20 19:42:32.901934,Utilities,379.08,Expense
2023-01-22 00:56:40.667111,Other,335.11,Expense
2023-01-23 06:10:48.432288,Food & Drink,182.37,Expense
2023-01-24 11:24:56.197464,Salary,4449.23,Income
2023-01-25 16:39:03.962641,Entertainment,227.4,Expense
2023-01-26 21:53:11.727818,Entertainment,314.21,Expense
2023-01-28 03:07:19.492995,Salary,4481.39,Income
2023-01-29 08:21:27.258172,Food & Drink,114.79,Expense
2023-01-30 13:35:35.023348,Salary,5291.62,Income
2023-01-31 18:49:42.788525,Rent,1371.16,Expense
2023-02-02 00:03:50.553702,Salary,5693.03,Income
2023-02-03 05:17:58.318879,Salary,4504.48,Income
2023-02-04 10:32:06.084056,Investment,241.06,Expense
2023-02-05 15:46:13.849232,Other,369.68,Expense
2023-02-06 21:00:21.614409,Investment,334.96,Expense
2023-02-08 02:14:29.379586,Travel,1181.05,Expense
2023-02-09 07:28:37.144763,Salary,5874.78,Income
2023-02-10 12:42:44.909939,Food & Drink,99.11,Expense
2023-02-11 17:56:52.675116,Food & Drink,368.47,Expense
2023-02-12 23:11:00.440293,Other,122.49,Expense
2023-02-14 04:25:08.205470,Shopping,423.54,Expense
2023-02-15 09:39:15.970647,Investment,280.27,Expense
2023-02-16 14:53:23.735823,Utilities,264.01,Expense
2023-02-17 20:07:31.501000,Rent,1195.52,Expense
2023-02-19 01:21:39.266177,Health & Fitness,439.19,Expense
2023-02-20 06:35:47.031354,Utilities,385.34,Expense
2023-02-21 11:49:54.796531,Travel,1030.8,Expense
2023-02-22 17:04:02.561707,Food & Drink,138.41,Expense
2023-02-23 22:18:10.326884,Investment,496.07,Expense
2023-02-25 03:32:18.092061,Food & Drink,212.72,Expense
2023-02-26 08:46:25.857238,Other,117.94,Expense
2023-02-27 14:00:33.622414,Shopping,371.87,Expense
2023-02-28 19:14:41.387591,Utilities,110.25,Expense
2023-03-02 00:28:49.152768,Rent,1348.65,Expense
2023-03-03 05:42:56.917945,Shopping,22.51,Expense
2023-03-04 10:57:04.683122,Investment,36.95,Expense
2023-03-05 16:11:12.448298,Investment,117.19,Expense
2023-03-06 21:25:20.213475,Salary,4735.88,Income
2023-03-08 02:39:27.978652,Rent,904.22,Expense
2023-03-09 07:53:35.743829,Rent,1413.66,Expense
2023-03-10 13:07:43.509006,Salary,4736.62,Income
2023-03-11 18:21:51.274182,Entertainment,366.59,Expense
2023-03-12 23:35:59.039359,Salary,5186.09,Income
2023-03-14 04:50:06.804536,Entertainment,218.06,Expense
2023-03-15 10:04:14.569713,Health & Fitness,21.54,Expense
2023-03-16 15:18:22.334889,Utilities,190.64,Expense
2023-03-17 20:32:30.100066,Other,64.64,Expense
2023-03-19 01:46:37.865243,Utilities,250.87,Expense
2023-03-20 07:00:45.630420,Utilities,51.13,Expense
2023-03-21 12:14:53.395597,Utilities,289.51,Expense
2023-03-22 17:29:01.160773,Shopping,309.67,Expense
2023-03-23 22:43:08.925950,Health & Fitness,406.39,Expense
2023-03-25 03:57:16.691127,Rent,1377.53,Expense
2023-03-26 09:11:24.456304,Shopping,56.99,Expense
2023-03-27 14:25:32.221481,Food & Drink,180.43,Expense
2023-03-28 19:39:39.986657,Other,359.69,Expense
2023-03-30 00:53:47.751834,Other,268.29,Expense
2023-03-31 06:07:55.517011,Entertainment,90.78,Expense
2023-04-01 11:22:03.282188,Rent,1103.81,Expense
2023-04-02 16:36:11.047364,Food & Drink,125.89,Expense
2023-04-03 21:50:18.812541,Utilities,373.12,Expense
2023-04-05 03:04:26.577718,Salary,5866.23,Income
2023-04-06 08:18:34.342895,Utilities,222.2,Expense
2023-04-07 13:32:42.108072,Utilities,397.11,Expense
2023-04-08 18:46:49.873248,Food & Drink,216.75,Expense
2023-04-10 00:00:57.638425,Other,204.24,Expense
2023-04-11 05:15:05.403602,Utilities,302.13,Expense
2023-04-12 10:29:13.168779,Travel,852.02,Expense
2023-04-13 15:43:20.933955,Rent,818.34,Expense
2023-04-14 20:57:28.699132,Food & Drink,419.21,Expense
2023-04-16 02:11:36.464309,Rent,1162.66,Expense
2023-04-17 07:25:44.229486,Rent,1458.48,Expense
2023-04-18 12:39:51.994663,Rent,1100.76,Expense
2023-04-19 17:53:59.759839,Salary,5683.87,Income
2023-04-20 23:08:07.525016,Travel,1644.76,Expense
2023-04-22 04:22:15.290193,Shopping,251.83,Expense
2023-04-23 09:36:23.055370,Food & Drink,58.69,Expense
2023-04-24 14:50:30.820547,Investment,258.3,Expense
2023-04-25 20:04:38.585723,Entertainment,370.16,Expense
2023-04-27 01:18:46.350900,Investment,96.28,Expense
2023-04-28 06:32:54.116077,Utilities,84.97,Expense
2023-04-29 11:47:01.881254,Investment,335.34,Expense
2023-04-30 17:01:09.646430,Salary,4137.92,Income
2023-05-01 22:15:17.411607,Food & Drink,155.45,Expense
2023-05-03 03:29:25.176784,Rent,972.89,Expense
2023-05-04 08:43:32.941961,Salary,4499.09,Income
2023-05-05 13:57:40.707138,Rent,1331.58,Expense
2023-05-06 19:11:48.472314,Entertainment,392.82,Expense
2023-05-08 00:25:56.237491,Food & Drink,254.03,Expense
2023-05-09 05:40:04.002668,Food & Drink,50.07,Expense
2023-05-10 10:54:11.767845,Salary,4278.49,Income
2023-05-11 16:08:19.533022,Shopping,217.33,Expense
2023-05-12 21:22:27.298198,Rent,1429.88,Expense
2023-05-14 02:36:35.063375,Food & Drink,338.62,Expense
2023-05-15 07:50:42.828552,Salary,5120.34,Income
2023-05-16 13:04:50.593729,Salary,4104.52,Income
2023-05-17 18:18:58.358905,Entertainment,144.88,Expense
2023-05-18 23:33:06.124082,Investment,491.02,Expense
2023-05-20 04:47:13.889259,Rent,1257.92,Expense
2023-05-21 10:01:21.654436,Travel,1217.59,Expense
2023-05-22 15:15:29.419613,Shopping,486.56,Expense
2023-05-23 20:29:37.184789,Utilities,187.76,Expense
2023-05-25 01:43:44.949966,Food & Drink,92.6,Expense
2023-05-26 06:57:52.715143,Travel,651.74,Expense
2023-05-27 12:12:00.480320,Salary,5122.45,Income
2023-05-28 17:26:08.245497,Shopping,75.09,Expense
2023-05-29 22:40:16.010673,Salary,5445.63,Income
2023-05-31 03:54:23.775850,Food & Drink,359.76,Expense
2023-06-01 09:08:31.541027,Shopping,59.23,Expense
2023-06-02 14:22:39.306204,Shopping,252.65,Expense
2023-06-03 19:36:47.071380,Travel,1902.26,Expense
2023-06-05 00:50:54.836557,Other,341.13,Expense
2023-06-06 06:05:02.601734,Shopping,217.65,Expense
2023-06-07 11:19:10.366911,Health & Fitness,281.81,Expense
2023-06-08 16:33:18.132088,Food & Drink,266.0,Expense
2023-06-09 21:47:25.897264,Other,240.44,Expense
2023-06-11 03:01:33.662441,Food & Drink,397.41,Expense
2023-06-12 08:15:41.427618,Travel,665.52,Expense
2023-06-13 13:29:49.192795,Travel,794.39,Expense
2023-06-14 18:43:56.957971,Investment,269.31,Expense
2023-06-15 23:58:04.723148,Travel,1780.09,Expense
2023-06-17 05:12:12.488325,Salary,5741.16,Income
2023-06-18 10:26:20.253502,Travel,1012.23,Expense
2023-06-19 15:40:28.018679,Salary,5544.02,Income
2023-06-20 20:54:35.783855,Food & Drink,51.3,Expense
2023-06-22 02:08:43.549032,Shopping,456.43,Expense
2023-06-23 07:22:51.314209,Shopping,258.95,Expense
2023-06-24 12:36:59.079386,Food & Drink,335.25,Expense
2023-06-25 17:51:06.844563,Other,202.6,Expense
2023-06-26 23:05:14.609739,Investment,482.95,Expense
2023-06-28 04:19:22.374916,Travel,1141.99,Expense
2023-06-29 09:33:30.140093,Rent,1355.0,Expense
2023-06-30 14:47:37.905270,Utilities,324.6,Expense
2023-07-01 20:01:45.670446,Other,210.07,Expense
2023-07-03 01:15:53.435623,Salary,5066.06,Income
2023-07-04 06:30:01.200800,Travel,1452.62,Expense
2023-07-05 11:44:08.965977,Other,172.05,Expense
2023-07-06 16:58:16.731154,Salary,5812.29,Income
2023-07-07 22:12:24.496330,Rent,1488.47,Expense
2023-07-09 03:26:32.261507,Food & Drink,116.97,Expense
2023-07-10 08:40:40.026684,Travel,1809.18,Expense
2023-07-11 13:54:47.791861,Health & Fitness,93.01,Expense
2023-07-12 19:08:55.557038,Entertainment,315.34,Expense
2023-07-14 00:23:03.322214,Food & Drink,443.56,Expense
2023-07-15 05:37:11.087391,Other,262.5,Expense
2023-07-16 10:51:18.852568,Salary,4835.52,Income
2023-07-17 16:05:26.617745,Salary,5335.84,Income
2023-07-18 21:19:34.382921,Utilities,99.66,Expense
2023-07-20 02:33:42.148098,Salary,4854.98,Income
2023-07-21 07:47:49.913275,Travel,222.69,Expense
2023-07-22 13:01:57.678452,Shopping,273.15,Expense
2023-07-23 18:16:05.443629,Health & Fitness,447.32,Expense
2023-07-24 23:30:13.208805,Food & Drink,371.12,Expense
2023-07-26 04:44:20.973982,Travel,1744.72,Expense
2023-07-27 09:58:28.739159,Other,279.58,Expense
2023-07-28 15:12:36.504336,Health & Fitness,170.89,Expense
2023-07-29 20:26:44.269513,Shopping,414.39,Expense
2023-07-31 01:40:52.034689,Shopping,191.74,Expense
2023-08-01 06:54:59.799866,Shopping,417.56,Expense
2023-08-02 12:09:07.565043,Rent,921.63,Expense
2023-08-03 17:23:15.330220,Health & Fitness,416.47,Expense
2023-08-04 22:37:23.095396,Food & Drink,135.14,Expense
2023-08-06 03:51:30.860573,Food & Drink,187.01,Expense
2023-08-07 09:05:38.625750,Shopping,379.44,Expense
2023-08-08 14:19:46.390927,Health & Fitness,318.05,Expense
2023-08-09 19:33:54.156104,Rent,1389.01,Expense
2023-08-11 00:48:01.921280,Shopping,489.97,Expense
2023-08-12 06:02:09.686457,Utilities,80.61,Expense
2023-08-13 11:16:17.451634,Health & Fitness,176.05,Expense
2023-08-14 16:30:25.216811,Health & Fitness,53.43,Expense
2023-08-15 21:44:32.981988,Travel,1740.33,Expense
2023-08-17 02:58:40.747164,Travel,1706.67,Expense
2023-08-18 08:12:48.512341,Rent,1250.02,Expense
2023-08-19 13:26:56.277518,Health & Fitness,266.07,Expense
2023-08-20 18:41:04.042695,Rent,948.85,Expense
2023-08-21 23:55:11.807871,Food & Drink,165.89,Expense
2023-08-23 05:09:19.573048,Health & Fitness,470.39,Expense
2023-08-24 10:23:27.338225,Salary,5532.13,Income
2023-08-25 15:37:35.103402,Other,339.19,Expense
2023-08-26 20:51:42.868579,Rent,1435.04,Expense
2023-08-28 02:05:50.633755,Health & Fitness,289.01,Expense
2023-08-29 07:19:58.398932,Food & Drink,234.59,Expense
2023-08-30 12:34:06.164109,Shopping,434.99,Expense
2023-08-31 17:48:13.929286,Shopping,202.59,Expense
2023-09-01 23:02:21.694462,Salary,4221.44,Income
2023-09-03 04:16:29.459639,Entertainment,40.17,Expense
2023-09-04 09:30:37.224816,Investment,460.68,Expense
2023-09-05 14:44:44.989993,Rent,1400.84,Expense
2023-09-06 19:58:52.755170,Rent,1437.54,Expense
2023-09-08 01:13:00.520346,Investment,406.36,Expense
2023-09-09 06:27:08.285523,Food & Drink,482.15,Expense
2023-09-10 11:41:16.050700,Investment,166.28,Expense
2023-09-11 16:55:23.815877,Other,155.13,Expense
2023-09-12 22:09:31.581054,Salary,4225.16,Income
2023-09-14 03:23:39.346230,Health & Fitness,279.54,Expense
2023-09-15 08:37:47.111407,Food & Drink,136.11,Expense
2023-09-16 13:51:54.876584,Food & Drink,245.01,Expense
2023-09-17 19:06:02.641761,Rent,1218.85,Expense
2023-09-19 00:20:10.406937,Rent,1009.94,Expense
2023-09-20 05:34:18.172114,Investment,43.11,Expense
2023-09-21 10:48:25.937291,Salary,5704.53,Income
2023-09-22 16:02:33.702468,Health & Fitness,304.75,Expense
2023-09-23 21:16:41.467645,Salary,4370.66,Income
2023-09-25 02:30:49.232821,Food & Drink,134.96,Expense
2023-09-26 07:44:56.997998,Other,36.64,Expense
2023-09-27 12:59:04.763175,Utilities,497.81,Expense
2023-09-28 18:13:12.528352,Salary,5042.89,Income
2023-09-29 23:27:20.293529,Food & Drink,419.06,Expense
2023-10-01 04:41:28.058705,Utilities,75.17,Expense
2023-10-02 09:55:35.823882,Food & Drink,456.62,Expense
2023-10-03 15:09:43.589059,Health & Fitness,418.06,Expense
2023-10-04 20:23:51.354236,Salary,5143.54,Income
2023-10-06 01:37:59.119412,Shopping,226.61,Expense
2023-10-07 06:52:06.884589,Rent,1104.22,Expense
2023-10-08 12:06:14.649766,Investment,308.92,Expense
2023-10-09 17:20:22.414943,Salary,4886.76,Income
2023-10-10 22:34:30.180120,Utilities,323.03,Expense
2023-10-12 03:48:37.945296,Utilities,357.26,Expense
2023-10-13 09:02:45.710473,Travel,1122.25,Expense
2023-10-14 14:16:53.475650,Food & Drink,204.57,Expense
2023-10-15 19:31:01.240827,Shopping,333.07,Expense
2023-10-17 00:45:09.006004,Salary,5201.3,Income
2023-10-18 05:59:16.771180,Investment,263.01,Expense
2023-10-19 11:13:24.536357,Utilities,54.05,Expense
2023-10-20 16:27:32.301534,Rent,1053.3,Expense
2023-10-21 21:41:40.066711,Shopping,41.91,Expense
2023-10-23 02:55:47.831887,Food & Drink,152.87,Expense
2023-10-24 08:09:55.597064,Salary,4662.69,Income
2023-10-25 13:24:03.362241,Shopping,114.13,Expense
2023-10-26 18:38:11.127418,Utilities,154.73,Expense
2023-10-27 23:52:18.892595,Travel,1129.83,Expense
2023-10-29 05:06:26.657771,Food & Drink,23.68,Expense
2023-10-30 10:20:34.422948,Travel,266.1,Expense
2023-10-31 15:34:42.188125,Food & Drink,182.65,Expense
2023-11-01 20:48:49.953302,Other,294.58,Expense
2023-11-03 02:02:57.718479,Shopping,160.87,Expense
2023-11-04 07:17:05.483655,Salary,4794.03,Income
2023-11-05 12:31:13.248832,Food & Drink,316.19,Expense
2023-11-06 17:45:21.014009,Food & Drink,185.71,Expense
2023-11-07 22:59:28.779186,Shopping,439.63,Expense
2023-11-09 04:13:36.544362,Shopping,357.08,Expense
2023-11-10 09:27:44.309539,Salary,4262.98,Income
2023-11-11 14:41:52.074716,Rent,1076.2,Expense
2023-11-12 19:55:59.839893,Entertainment,217.29,Expense
2023-11-14 01:10:07.605070,Salary,5428.07,Income
2023-11-15 06:24:15.370246,Utilities,168.5,Expense
2023-11-16 11:38:23.135423,Other,478.43,Expense
2023-11-17 16:52:30.900600,Other,20.75,Expense
2023-11-18 22:06:38.665777,Utilities,44.54,Expense
2023-11-20 03:20:46.430953,Rent,841.67,Expense
2023-11-21 08:34:54.196130,Utilities,349.56,Expense
2023-11-22 13:49:01.961307,Food & Drink,204.24,Expense
2023-11-23 19:03:09.726484,Shopping,197.15,Expense
2023-11-25 00:17:17.491661,Food & Drink,221.09,Expense
2023-11-26 05:31:25.256837,Investment,54.08,Expense
2023-11-27 10:45:33.022014,Food & Drink,190.29,Expense
2023-11-28 15:59:40.787191,Salary,5337.15,Income
2023-11-29 21:13:48.552368,Health & Fitness,193.72,Expense
2023-12-01 02:27:56.317545,Utilities,24.86,Expense
2023-12-02 07:42:04.082721,Utilities,458.38,Expense
2023-12-03 12:56:11.847898,Utilities,439.38,Expense
2023-12-04 18:10:19.613075,Investment,77.87,Expense
2023-12-05 23:24:27.378252,Salary,4132.89,Income
2023-12-07 04:38:35.143428,Shopping,88.23,Expense
2023-12-08 09:52:42.908605,Food & Drink,222.58,Expense
2023-12-09 15:06:50.673782,Rent,1140.2,Expense
2023-12-10 20:20:58.438959,Utilities,40.99,Expense
2023-12-12 01:35:06.204136,Food & Drink,288.15,Expense
2023-12-13 06:49:13.969312,Rent,1310.42,Expense
2023-12-14 12:03:21.734489,Health & Fitness,425.89,Expense
2023-12-15 17:17:29.499666,Health & Fitness,226.37,Expense
2023-12-16 22:31:37.264843,Health & Fitness,152.18,Expense
2023-12-18 03:45:45.030020,Rent,1352.29,Expense
2023-12-19 08:59:52.795196,Entertainment,403.22,Expense
2023-12-20 14:14:00.560373,Other,431.63,Expense
2023-12-21 19:28:08.325550,Salary,4861.97,Income
2023-12-23 00:42:16.090727,Rent,1207.54,Expense
2023-12-24 05:56:23.855903,Entertainment,308.52,Expense
2023-12-25 11:10:31.621080,Health & Fitness,350.43,Expense
2023-12-26 16:24:39.386257,Entertainment,100.09,Expense
2023-12-27 21:38:47.151434,Entertainment,88.45,Expense
2023-12-29 02:52:54.916611,Salary,4691.75,Income
2023-12-30 08:07:02.681787,Travel,245.81,Expense
2023-12-31 13:21:10.446964,Utilities,325.71,Expense
2024-01-01 18:35:18.212141,Rent,850.2,Expense
2024-01-02 23:49:25.977318,Entertainment,169.38,Expense
2024-01-04 05:03:33.742495,Health & Fitness,310.77,Expense
2024-01-05 10:17:41.507671,Rent,952.52,Expense
2024-01-06 15:31:49.272848,Salary,4908.0,Income
2024-01-07 20:45:57.038025,Health & Fitness,87.47,Expense
2024-01-09 02:00:04.803202,Shopping,33.22,Expense
2024-01-10 07:14:12.568378,Shopping,482.73,Expense
2024-01-11 12:28:20.333555,Entertainment,38.72,Expense
2024-01-12 17:42:28.098732,Food & Drink,206.23,Expense
2024-01-13 22:56:35.863909,Travel,242.03,Expense
2024-01-15 04:10:43.629086,Investment,240.09,Expense
2024-01-16 09:24:51.394262,Rent,1430.06,Expense
2024-01-17 14:38:59.159439,Food & Drink,478.84,Expense
2024-01-18 19:53:06.924616,Rent,1421.88,Expense
2024-01-20 01:07:14.689793,Utilities,416.82,Expense
2024-01-21 06:21:22.454969,Salary,4576.81,Income
2024-01-22 11:35:30.220146,Salary,4778.96,Income
2024-01-23 16:49:37.985323,Entertainment,183.39,Expense
2024-01-24 22:03:45.750500,Shopping,93.99,Expense
2024-01-26 03:17:53.515677,Shopping,280.02,Expense
2024-01-27 08:32:01.280853,Investment,420.15,Expense
2024-01-28 13:46:09.046030,Entertainment,165.12,Expense
2024-01-29 19:00:16.811207,Rent,936.24,Expense
2024-01-31 00:14:24.576384,Food & Drink,184.38,Expense
2024-02-01 05:28:32.341561,Rent,1476.49,Expense
2024-02-02 10:42:40.106737,Shopping,186.69,Expense
2024-02-03 15:56:47.871914,Utilities,86.81,Expense
2024-02-04 21:10:55.637091,Entertainment,320.59,Expense
2024-02-06 02:25:03.402268,Shopping,212.85,Expense
2024-02-07 07:39:11.167444,Salary,5760.63,Income
2024-02-08 12:53:18.932621,Utilities,293.3,Expense
2024-02-09 18:07:26.697798,Utilities,116.63,Expense
2024-02-10 23:21:34.462975,Entertainment,38.94,Expense
2024-02-12 04:35:42.228152,Shopping,280.65,Expense
2024-02-13 09:49:49.993328,Travel,1935.25,Expense
2024-02-14 15:03:57.758505,Salary,5444.29,Income
2024-02-15 20:18:05.523682,Shopping,437.59,Expense
2024-02-17 01:32:13.288859,Food & Drink,399.44,Expense
2024-02-18 06:46:21.054036,Food & Drink,401.22,Expense
2024-02-19 12:00:28.819212,Rent,1413.96,Expense
2024-02-20 17:14:36.584389,Salary,4297.59,Income
2024-02-21 22:28:44.349566,Shopping,490.87,Expense
2024-02-23 03:42:52.114743,Shopping,434.5,Expense
2024-02-24 08:56:59.879919,Utilities,200.16,Expense
2024-02-25 14:11:07.645096,Rent,942.26,Expense
2024-02-26 19:25:15.410273,Investment,205.54,Expense
2024-02-28 00:39:23.175450,Shopping,256.32,Expense
2024-02-29 05:53:30.940627,Utilities,435.48,Expense
2024-03-01 11:07:38.705803,Salary,4815.17,Income
2024-03-02 16:21:46.470980,Other,386.97,Expense
2024-03-03 21:35:54.236157,Utilities,478.9,Expense
2024-03-05 02:50:02.001334,Travel,396.68,Expense
2024-03-06 08:04:09.766511,Salary,4878.3,Income
2024-03-07 13:18:17.531687,Other,448.68,Expense
2024-03-08 18:32:25.296864,Food & Drink,444.06,Expense
2024-03-09 23:46:33.062041,Entertainment,265.01,Expense
2024-03-11 05:00:40.827218,Utilities,464.66,Expense
2024-03-12 10:14:48.592394,Food & Drink,248.88,Expense
2024-03-13 15:28:56.357571,Health & Fitness,366.9,Expense
2024-03-14 20:43:04.122748,Health & Fitness,84.53,Expense
2024-03-16 01:57:11.887925,Rent,1051.1,Expense
2024-03-17 07:11:19.653102,Other,153.8,Expense
2024-03-18 12:25:27.418278,Travel,1923.41,Expense
2024-03-19 17:39:35.183455,Food & Drink,498.95,Expense
2024-03-20 22:53:42.948632,Health & Fitness,417.67,Expense
2024-03-22 04:07:50.713809,Rent,810.02,Expense
2024-03-23 09:21:58.478986,Investment,420.39,Expense
2024-03-24 14:36:06.244162,Investment,88.57,Expense
2024-03-25 19:50:14.009339,Investment,389.08,Expense
2024-03-27 01:04:21.774516,Health & Fitness,387.74,Expense
2024-03-28 06:18:29.539693,Other,314.53,Expense
2024-03-29 11:32:37.304869,Food & Drink,254.06,Expense
2024-03-30 16:46:45.070046,Food & Drink,215.62,Expense
2024-03-31 22:00:52.835223,Entertainment,51.68,Expense
2024-04-02 03:15:00.600400,Rent,877.7,Expense
2024-04-03 08:29:08.365577,Other,474.89,Expense
2024-04-04 13:43:16.130753,Food & Drink,478.46,Expense
2024-04-05 18:57:23.895930,Shopping,163.79,Expense
2024-04-07 00:11:31.661107,Food & Drink,260.3,Expense
2024-04-08 05:25:39.426284,Other,359.4,Expense
2024-04-09 10:39:47.191460,Food & Drink,54.99,Expense
2024-04-10 15:53:54.956637,Entertainment,161.74,Expense
2024-04-11 21:08:02.721814,Travel,705.81,Expense
2024-04-13 02:22:10.486991,Other,466.03,Expense
2024-04-14 07:36:18.252168,Entertainment,454.93,Expense
2024-04-15 12:50:26.017344,Rent,1133.51,Expense
2024-04-16 18:04:33.782521,Travel,1352.86,Expense
2024-04-17 23:18:41.547698,Salary,5206.99,Income
2024-04-19 04:32:49.312875,Rent,1253.47,Expense
2024-04-20 09:46:57.078052,Food & Drink,446.56,Expense
2024-04-21 15:01:04.843228,Shopping,235.69,Expense
2024-04-22 20:15:12.608405,Utilities,319.9,Expense
2024-04-24 01:29:20.373582,Food & Drink,347.66,Expense
2024-04-25 06:43:28.138759,Travel,1485.11,Expense
2024-04-26 11:57:35.903935,Other,405.9,Expense
2024-04-27 17:11:43.669112,Shopping,269.68,Expense
2024-04-28 22:25:51.434289,Food & Drink,392.17,Expense
2024-04-30 03:39:59.199466,Rent,1147.69,Expense
2024-05-01 08:54:06.964643,Rent,893.68,Expense
2024-05-02 14:08:14.729819,Utilities,46.08,Expense
2024-05-03 19:22:22.494996,Investment,172.44,Expense
2024-05-05 00:36:30.260173,Food & Drink,265.34,Expense
2024-05-06 05:50:38.025350,Food & Drink,152.56,Expense
2024-05-07 11:04:45.790527,Health & Fitness,50.09,Expense
2024-05-08 16:18:53.555703,Other,21.83,Expense
2024-05-09 21:33:01.320880,Travel,1533.63,Expense
2024-05-11 02:47:09.086057,Rent,871.32,Expense
2024-05-12 08:01:16.851234,Rent,989.28,Expense
2024-05-13 13:15:24.616410,Other,170.41,Expense
2024-05-14 18:29:32.381587,Other,448.1,Expense
2024-05-15 23:43:40.146764,Entertainment,456.77,Expense
2024-05-17 04:57:47.911941,Entertainment,482.76,Expense
2024-05-18 10:11:55.677118,Food & Drink,349.77,Expense
2024-05-19 15:26:03.442294,Shopping,206.07,Expense
2024-05-20 20:40:11.207471,Utilities,357.85,Expense
2024-05-22 01:54:18.972648,Food & Drink,100.14,Expense
2024-05-23 07:08:26.737825,Health & Fitness,339.86,Expense
2024-05-24 12:22:34.503002,Salary,5522.08,Income
2024-05-25 17:36:42.268178,Salary,5405.08,Income
2024-05-26 22:50:50.033355,Rent,873.76,Expense
2024-05-28 04:04:57.798532,Other,329.19,Expense
2024-05-29 09:19:05.563709,Food & Drink,192.82,Expense
2024-05-30 14:33:13.328885,Salary,5000.8,Income
2024-05-31 19:47:21.094062,Entertainment,239.7,Expense
2024-06-02 01:01:28.859239,Travel,863.67,Expense
2024-06-03 06:15:36.624416,Rent,836.65,Expense
2024-06-04 11:29:44.389593,Investment,219.92,Expense
2024-06-05 16:43:52.154769,Other,428.17,Expense
2024-06-06 21:57:59.919946,Travel,1383.24,Expense
2024-06-08 03:12:07.685123,Shopping,442.48,Expense
2024-06-09 08:26:15.450300,Travel,1420.06,Expense
2024-06-10 13:40:23.215477,Utilities,161.74,Expense
2024-06-11 18:54:30.980653,Food & Drink,332.79,Expense
2024-06-13 00:08:38.745830,Investment,171.5,Expense
2024-06-14 05:22:46.511007,Utilities,209.66,Expense
2024-06-15 10:36:54.276184,Health & Fitness,115.62,Expense
2024-06-16 15:51:02.041360,Salary,4574.82,Income
2024-06-17 21:05:09.806537,Rent,840.66,Expense
2024-06-19 02:19:17.571714,Food & Drink,267.61,Expense
2024-06-20 07:33:25.336891,Rent,1384.84,Expense
2024-06-21 12:47:33.102068,Food & Drink,201.97,Expense
2024-06-22 18:01:40.867244,Rent,813.53,Expense
2024-06-23 23:15:48.632421,Food & Drink,218.55,Expense
2024-06-25 04:29:56.397598,Shopping,214.06,Expense
2024-06-26 09:44:04.162775,Shopping,305.66,Expense
2024-06-27 14:58:11.927951,Food & Drink,242.77,Expense
2024-06-28 20:12:19.693128,Salary,5038.06,Income
2024-06-30 01:26:27.458305,Health & Fitness,169.69,Expense
2024-07-01 06:40:35.223482,Investment,391.0,Expense
2024-07-02 11:54:42.988659,Shopping,488.49,Expense
2024-07-03 17:08:50.753835,Food & Drink,28.13,Expense
2024-07-04 22:22:58.519012,Investment,407.43,Expense
2024-07-06 03:37:06.284189,Food & Drink,147.48,Expense
2024-07-07 08:51:14.049366,Food & Drink,160.79,Expense
2024-07-08 14:05:21.814543,Investment,268.62,Expense
2024-07-09 19:19:29.579719,Rent,1060.22,Expense
2024-07-11 00:33:37.344896,Food & Drink,163.9,Expense
2024-07-12 05:47:45.110073,Utilities,487.61,Expense
2024-07-13 11:01:52.875250,Other,31.33,Expense
2024-07-14 16:16:00.640426,Salary,5566.4,Income
2024-07-15 21:30:08.405603,Other,239.84,Expense
2024-07-17 02:44:16.170780,Entertainment,165.4,Expense
2024-07-18 07:58:23.935957,Food & Drink,129.55,Expense
2024-07-19 13:12:31.701134,Travel,1071.34,Expense
2024-07-20 18:26:39.466310,Investment,247.43,Expense
2024-07-21 23:40:47.231487,Food & Drink,479.74,Expense
2024-07-23 04:54:54.996664,Salary,5570.38,Income
2024-07-24 10:09:02.761841,Salary,5088.96,Income
2024-07-25 15:23:10.527018,Salary,4151.21,Income
2024-07-26 20:37:18.292194,Rent,957.77,Expense
2024-07-28 01:51:26.057371,Travel,453.45,Expense
2024-07-29 07:05:33.822548,Utilities,395.03,Expense
2024-07-30 12:19:41.587725,Utilities,90.54,Expense
2024-07-31 17:33:49.352901,Other,325.26,Expense
2024-08-01 22:47:57.118078,Entertainment,343.58,Expense
2024-08-03 04:02:04.883255,Rent,1041.63,Expense
2024-08-04 09:16:12.648432,Salary,4581.01,Income
2024-08-05 14:30:20.413609,Shopping,447.27,Expense
2024-08-06 19:44:28.178785,Health & Fitness,49.86,Expense
2024-08-08 00:58:35.943962,Food & Drink,23.76,Expense
2024-08-09 06:12:43.709139,Utilities,234.88,Expense
2024-08-10 11:26:51.474316,Food & Drink,479.81,Expense
2024-08-11 16:40:59.239493,Shopping,136.11,Expense
2024-08-12 21:55:07.004669,Shopping,346.22,Expense
2024-08-14 03:09:14.769846,Food & Drink,151.86,Expense
2024-08-15 08:23:22.535023,Other,240.64,Expense
2024-08-16 13:37:30.300200,Shopping,227.75,Expense
2024-08-17 18:51:38.065376,Food & Drink,99.56,Expense
2024-08-19 00:05:45.830553,Entertainment,120.41,Expense
2024-08-20 05:19:53.595730,Food & Drink,424.95,Expense
2024-08-21 10:34:01.360907,Salary,5586.29,Income
2024-08-22 15:48:09.126084,Salary,4483.95,Income
2024-08-23 21:02:16.891260,Salary,4393.85,Income
2024-08-25 02:16:24.656437,Salary,5989.64,Income
2024-08-26 07:30:32.421614,Health & Fitness,490.95,Expense
2024-08-27 12:44:40.186791,Shopping,144.58,Expense
2024-08-28 17:58:47.951968,Entertainment,304.91,Expense
2024-08-29 23:12:55.717144,Food & Drink,318.72,Expense
2024-08-31 04:27:03.482321,Salary,4380.22,Income
2024-09-01 09:41:11.247498,Other,455.79,Expense
2024-09-02 14:55:19.012675,Salary,5920.27,Income
2024-09-03 20:09:26.777851,Shopping,489.11,Expense
2024-09-05 01:23:34.543028,Investment,97.6,Expense
2024-09-06 06:37:42.308205,Shopping,364.8,Expense
2024-09-07 11:51:50.073382,Travel,1353.11,Expense
2024-09-08 17:05:57.838559,Health & Fitness,98.1,Expense
2024-09-09 22:20:05.603735,Shopping,390.38,Expense
2024-09-11 03:34:13.368912,Shopping,25.81,Expense
2024-09-12 08:48:21.134089,Food & Drink,191.37,Expense
2024-09-13 14:02:28.899266,Salary,4457.35,Income
2024-09-14 19:16:36.664442,Utilities,126.6,Expense
2024-09-16 00:30:44.429619,Rent,1393.63,Expense
2024-09-17 05:44:52.194796,Investment,65.79,Expense
2024-09-18 10:58:59.959973,Entertainment,34.0,Expense
2024-09-19 16:13:07.725150,Shopping,337.97,Expense
2024-09-20 21:27:15.490326,Food & Drink,158.66,Expense
2024-09-22 02:41:23.255503,Entertainment,461.37,Expense
2024-09-23 07:55:31.020680,Salary,4089.82,Income
2024-09-24 13:09:38.785857,Investment,198.43,Expense
2024-09-25 18:23:46.551034,Entertainment,382.05,Expense
2024-09-26 23:37:54.316210,Salary,5901.86,Income
2024-09-28 04:52:02.081387,Utilities,191.42,Expense
2024-09-29 10:06:09.846564,Other,140.48,Expense
2024-09-30 15:20:17.611741,Shopping,192.12,Expense
2024-10-01 20:34:25.376917,Health & Fitness,135.39,Expense
2024-10-03 01:48:33.142094,Travel,1852.83,Expense
2024-10-04 07:02:40.907271,Food & Drink,262.86,Expense
2024-10-05 12:16:48.672448,Travel,270.07,Expense
2024-10-06 17:30:56.437625,Food & Drink,104.11,Expense
2024-10-07 22:45:04.202801,Salary,4564.96,Income
2024-10-09 03:59:11.967978,Salary,5163.24,Income
2024-10-10 09:13:19.733155,Entertainment,298.44,Expense
2024-10-11 14:27:27.498332,Shopping,384.21,Expense
2024-10-12 19:41:35.263509,Rent,1047.14,Expense
2024-10-14 00:55:43.028685,Salary,5892.91,Income
2024-10-15 06:09:50.793862,Salary,4838.9,Income
2024-10-16 11:23:58.559039,Other,248.64,Expense
2024-10-17 16:38:06.324216,Shopping,118.25,Expense
2024-10-18 21:52:14.089392,Utilities,109.35,Expense
2024-10-20 03:06:21.854569,Rent,1398.52,Expense
2024-10-21 08:20:29.619746,Travel,328.08,Expense
2024-10-22 13:34:37.384923,Food & Drink,471.58,Expense
2024-10-23 18:48:45.150100,Shopping,216.52,Expense
2024-10-25 00:02:52.915276,Other,421.2,Expense
2024-10-26 05:17:00.680453,Rent,1285.53,Expense
2024-10-27 10:31:08.445630,Investment,334.23,Expense
2024-10-28 15:45:16.210807,Travel,1776.59,Expense
2024-10-29 20:59:23.975984,Shopping,155.59,Expense
2024-10-31 02:13:31.741160,Entertainment,38.03,Expense
2024-11-01 07:27:39.506337,Food & Drink,387.46,Expense
2024-11-02 12:41:47.271514,Food & Drink,219.95,Expense
2024-11-03 17:55:55.036691,Shopping,46.22,Expense
2024-11-04 23:10:02.801867,Salary,4452.25,Income
2024-11-06 04:24:10.567044,Rent,1012.76,Expense
2024-11-07 09:38:18.332221,Travel,202.65,Expense
2024-11-08 14:52:26.097398,Investment,484.09,Expense
2024-11-09 20:06:33.862575,Travel,1393.48,Expense
2024-11-11 01:20:41.627751,Investment,427.24,Expense
2024-11-12 06:34:49.392928,Entertainment,165.41,Expense
2024-11-13 11:48:57.158105,Rent,1298.83,Expense
2024-11-14 17:03:04.923282,Other,107.17,Expense
2024-11-15 22:17:12.688458,Entertainment,452.93,Expense
2024-11-17 03:31:20.453635,Other,492.73,Expense
2024-11-18 08:45:28.218812,Investment,208.73,Expense
2024-11-19 13:59:35.983989,Utilities,337.29,Expense
2024-11-20 19:13:43.749166,Food & Drink,281.36,Expense
2024-11-22 00:27:51.514342,Health & Fitness,100.31,Expense
2024-11-23 05:41:59.279519,Other,300.21,Expense
2024-11-24 10:56:07.044696,Salary,4084.84,Income
2024-11-25 16:10:14.809873,Rent,1221.09,Expense
2024-11-26 21:24:22.575050,Rent,1300.1,Expense
2024-11-28 02:38:30.340226,Investment,69.21,Expense
2024-11-29 07:52:38.105403,Shopping,264.27,Expense
2024-11-30 13:06:45.870580,Rent,1453.05,Expense
2024-12-01 18:20:53.635757,Other,354.66,Expense
2024-12-02 23:35:01.400933,Health & Fitness,241.62,Expense
2024-12-04 04:49:09.166110,Salary,5389.19,Income
2024-12-05 10:03:16.931287,Investment,433.61,Expense
2024-12-06 15:17:24.696464,Rent,1364.95,Expense
2024-12-07 20:31:32.461641,Travel,821.62,Expense
2024-12-09 01:45:40.226817,Rent,1484.97,Expense
2024-12-10 06:59:47.991994,Salary,5402.34,Income
2024-12-11 12:13:55.757171,Investment,289.79,Expense
2024-12-12 17:28:03.522348,Salary,4992.52,Income
2024-12-13 22:42:11.287525,Entertainment,98.26,Expense
2024-12-15 03:56:19.052701,Other,372.53,Expense
2024-12-16 09:10:26.817878,Entertainment,32.09,Expense
2024-12-17 14:24:34.583055,Other,25.48,Expense
2024-12-18 19:38:42.348232,Health & Fitness,485.72,Expense
2024-12-20 00:52:50.113408,Entertainment,132.79,Expense
2024-12-21 06:06:57.878585,Health & Fitness,412.22,Expense
2024-12-22 11:21:05.643762,Shopping,484.18,Expense
2024-12-23 16:35:13.408939,Food & Drink,262.3,Expense
2024-12-24 21:49:21.174116,Health & Fitness,434.07,Expense
2024-12-26 03:03:28.939292,Travel,1640.01,Expense
2024-12-27 08:17:36.704469,Shopping,210.35,Expense
2024-12-28 13:31:44.469646,Food & Drink,435.34,Expense
2024-12-29 18:45:52.234823,Travel,757.62,Expense
2024-12-31 00:00:00.000000,Rent,1409.99,Expense
